shapeID,name,sol,pop,area_km2,parent,sol_0,growth,abs_change,z_robust,flag
11933810B37215570160824,القصور,419.027,15159.7,457.405,El Kef,645.304,-0.0468435,-226.277,-3.18246,significant loss · baisse significative
11933810B66585629816917,المزونة,917.431,25962.8,1131.71,Sidi Bouzid,940.095,-0.00270776,-22.6634,-1.51431,within normal range · dans la plage normale
11933810B82124432646139,العروسة,361.121,21934.3,359.139,Siliana,379.238,-0.00542414,-18.1167,-1.61698,within normal range · dans la plage normale
11933810B80183977842330,ماطر,1975,51928.5,562.76,Bizerte,1395.41,0.039353,579.599,0.0754183,within normal range · dans la plage normale
11933810B43888701821775,الجم,2866.07,51930.6,284.331,Mahdia,1804.69,0.0527388,1061.39,0.581348,within normal range · dans la plage normale
11933810B93906060339366,القصر,1991.49,51616.1,280.483,Gafsa,1271.44,0.0511228,720.046,0.52027,within normal range · dans la plage normale
11933810B57127812574337,صفاقس الجنوبية,8154.1,123573,195.3,Sfax,4954.6,0.0569169,3199.5,0.739263,within normal range · dans la plage normale
11933810B10905453653895,غزالة,532.551,26412.4,405.915,Bizerte,414.788,0.0281571,117.763,-0.347743,within normal range · dans la plage normale
11933810B38600373367169,سيدي عيش,569.955,11735.4,442.084,Gafsa,429.113,0.03204,140.842,-0.200984,within normal range · dans la plage normale
11933810B46466927285708,الشبيكة,2331.49,40497.3,509.984,Kairouan,1334.75,0.0639339,996.733,1.00448,within normal range · dans la plage normale
11933810B49203985770178,تطاوين الشمالية,4281.5,37992.5,2827.8,Tataouine,6601.52,-0.0469718,-2320.02,-3.18731,significant loss · baisse significative
11933810B42878076535883,رمادة,9220.44,10563.5,27497,Tataouine,28501,-0.117848,-19280.6,-5.86614,significant loss · baisse significative
11933810B83498935151337,الصمار,710.651,15586.8,1985.26,Tataouine,1235.31,-0.059584,-524.66,-3.664,significant loss · baisse significative
11933810B11827339972029,سليمان,5181.13,59889.2,141.712,Nabeul,3437.67,0.0466359,1743.46,0.350681,within normal range · dans la plage normale
11933810B93669853270617,أولاد حفوز,933.156,21295.8,420.716,Sidi Bouzid,673.305,0.0369294,259.851,-0.0161845,within normal range · dans la plage normale
11933810B54153099076840,الرديف,1370.42,24465,401.76,Gafsa,746.553,0.0698193,623.869,1.22692,within normal range · dans la plage normale
11933810B17149479798456,الناظور,1405.88,34646.5,354.862,Zaghouan,652.375,0.0890558,753.506,1.95398,within normal range · dans la plage normale
11933810B3957312331643,زرمدين,2325.21,33712.8,250.927,Monastir,1210.3,0.0752456,1114.91,1.43201,within normal range · dans la plage normale
11933810B51337682918507,القيروان الجنوبية,5518.48,62619.9,519.035,Kairouan,3140.06,0.0646555,2378.42,1.03175,within normal range · dans la plage normale
11933810B93089307586019,قابس الغربية,3375.24,35899.1,152.975,Gabès,1623.62,0.0847096,1751.63,1.78971,within normal range · dans la plage normale
11933810B87788045325558,أوتيك,1882.11,20868.3,371.509,Bizerte,1029.09,0.069381,853.024,1.21036,within normal range · dans la plage normale
11933810B95745204086870,سيدي مخلوف,1186.17,27335.5,656.72,Médenine,925.972,0.0278978,260.199,-0.35754,within normal range · dans la plage normale
11933810B61155262377860,مارث,2536.71,64717.8,996.159,Gabès,1823.9,0.0373347,712.811,-0.000866187,within normal range · dans la plage normale
11933810B61814585339016,تالة,1468.67,37815.4,713.438,Kasserine,1219.62,0.0208606,249.045,-0.623518,within normal range · dans la plage normale
11933810B10637834163678,بنزرت الجنوبية,2139.12,66154.4,402.431,Bizerte,1706.61,0.0254158,432.507,-0.451351,within normal range · dans la plage normale
11933810B59009288682307,الكاف الشرقية,2494.97,40481.6,391.862,El Kef,1483.22,0.0594866,1011.75,0.836386,within normal range · dans la plage normale
11933810B77828978418448,جبنيانة,2183.16,52655.2,252.195,Sfax,1098.02,0.0793543,1085.14,1.58731,within normal range · dans la plage normale
11933810B2147309578114,مطماطة الجديدة,853.945,12911.5,750.616,Gabès,1032.25,-0.0208494,-178.304,-2.19999,within normal range · dans la plage normale
11933810B84977870340871,عين دراهم,763.744,33054.6,486.902,Jendouba,717.17,0.00701565,46.5745,-1.1468,within normal range · dans la plage normale
11933810B24565531401721,السند,1371.51,39102.5,764.905,Gafsa,1114.64,0.0233105,256.877,-0.530923,within normal range · dans la plage normale
11933810B45442684753250,التحرير,653.244,18854.2,1.59022,Tunis,711.625,-0.00946602,-58.3808,-1.76974,within normal range · dans la plage normale
11933810B21943551709100,جلمة,2527.21,43213.5,666.65,Sidi Bouzid,1437.78,0.0646741,1089.43,1.03245,within normal range · dans la plage normale
11933810B27074780106305,الزهور,599.291,701.003,1.98858,Tunis,502.005,0.0198769,97.2863,-0.660697,within normal range · dans la plage normale
11933810B6714146070039,حيدرة,839.556,11223.3,495.039,Kasserine,784.016,0.00763388,55.5402,-1.12344,within normal range · dans la plage normale
11933810B18230049002493,المدينة,716.52,11506.1,1.19309,Tunis,560.583,0.0276453,155.938,-0.367087,within normal range · dans la plage normale
11933810B70158392681362,النفيضة,4711.14,57503.6,381.178,Sousse,3202.13,0.043835,1509.01,0.24482,within normal range · dans la plage normale
11933810B78138707020335,باب سويقة,1037.24,26202.5,1.98828,Tunis,812.552,0.0274976,224.686,-0.372669,within normal range · dans la plage normale
11933810B79340019170790,بنزرت الشمالية,2854.37,88404.8,54.0982,Bizerte,2640.93,0.00867296,213.44,-1.08416,within normal range · dans la plage normale
11933810B49530197885075,الزريبة,2258.04,22604.7,347.2,Zaghouan,1411.46,0.0535948,846.578,0.613701,within normal range · dans la plage normale
11933810B5079624698745,مدنين االجنوبية,3251.85,66124.3,730.365,Médenine,1787.64,0.0687403,1464.21,1.18614,within normal range · dans la plage normale
11933810B55082969984596,السواسي,2398.51,48420.1,345.353,Mahdia,1329.22,0.0677827,1069.29,1.14994,within normal range · dans la plage normale
11933810B3203162636288,فوشانة,5291.63,73709.1,39.4242,Ben Arous,3145.73,0.0594891,2145.9,0.836482,within normal range · dans la plage normale
11933810B75310279086219,مجاز الباب,2360.41,46956.9,461.13,Béja,1670.17,0.0391825,690.239,0.0689735,within normal range · dans la plage normale
11933810B2824472069390,مرناق,6328.65,60918.8,397.173,Ben Arous,3451.01,0.0697018,2877.64,1.22248,within normal range · dans la plage normale
11933810B89916598335200,المرسى,5687.87,101337,30.1864,Tunis,4376.48,0.0295496,1311.4,-0.295111,within normal range · dans la plage normale
11933810B30611491582390,المطوية,1828.36,28824.3,409.634,Gabès,1169.96,0.0508567,658.403,0.510213,within normal range · dans la plage normale
11933810B38388231155929,المضيلة,1072.1,16758.3,643.037,Gafsa,1074.88,-0.000287681,-2.77981,-1.42284,within normal range · dans la plage normale
11933810B11969920480260,القطار,1524.38,20393.7,928.187,Gafsa,1258.85,0.0214933,265.531,-0.599607,within normal range · dans la plage normale
11933810B88432623246130,قبلي الشمالية,4920.24,58418.6,1818.68,Kébili,3314.64,0.0448672,1605.6,0.283834,within normal range · dans la plage normale
11933810B29604582719412,باجة الجنوبية,2275.7,33870.1,363.628,Béja,1560.86,0.0427844,714.84,0.205112,within normal range · dans la plage normale
11933810B6535547360334,القصرين الشمالية,3480.09,71379.6,97.3917,Kasserine,2521.4,0.0364537,958.692,-0.034164,within normal range · dans la plage normale
11933810B95103152566623,باردو,2315.89,97911,7.55495,Tunis,2052.95,0.013481,262.944,-0.902439,within normal range · dans la plage normale
11933810B5544515796376,الميدة,1372.09,28742.8,151.675,Nabeul,782.939,0.0643215,589.154,1.01913,within normal range · dans la plage normale
11933810B20435458440644,حفوز,1206.1,36179.4,608.632,Kairouan,941.465,0.0279051,264.63,-0.357266,within normal range · dans la plage normale
11933810B76458029989338,شربان,739.986,22454.5,444.083,Mahdia,727.125,0.00194996,12.8607,-1.33826,within normal range · dans la plage normale
11933810B30403367882459,مكثر,1211.99,27453.9,340.737,Siliana,935.449,0.0291947,276.538,-0.308524,within normal range · dans la plage normale
11933810B81248278761241,بن عروس,2150.59,49949.6,6.765,Ben Arous,1371.86,0.0512208,778.721,0.523973,within normal range · dans la plage normale
11933810B81805450499121,سبيبة,1334.36,40092,445.361,Kasserine,1305.61,0.00242339,28.7536,-1.32037,within normal range · dans la plage normale
11933810B37574036497971,المكناسي,1430.44,25875.3,621.991,Sidi Bouzid,915.686,0.0508117,514.757,0.50851,within normal range · dans la plage normale
11933810B72846800304376,غار الدماء,1612.65,60439.9,504.684,Jendouba,1414.47,0.0146756,198.175,-0.857286,within normal range · dans la plage normale
11933810B91924190982808,سبالة أوالد عسكر,1140.06,20706.1,293.117,Sidi Bouzid,609.167,0.0721201,530.892,1.31388,within normal range · dans la plage normale
11933810B4781158018226,بورويس,305.94,11227.8,273.984,Siliana,449.835,-0.0419282,-143.896,-2.99668,significant loss · baisse significative
11933810B50994391352057,قفصة الشمالية,691.192,9657.34,532.186,Gafsa,543.197,0.0271332,147.995,-0.386439,within normal range · dans la plage normale
11933810B36279508615628,مدنين الشمالية,2520.72,50752.3,332.235,Médenine,1354.84,0.0714198,1165.88,1.28741,within normal range · dans la plage normale
11933810B83603965964672,الوسلاتية,946.582,34384.3,910.448,Kairouan,1181.81,-0.024359,-235.229,-2.33264,within normal range · dans la plage normale
11933810B8202711908587,بني حسان,1378.85,14491.5,85.892,Monastir,610.814,0.0946867,768.037,2.16681,within normal range · dans la plage normale
11933810B14631424416912,القصرين الجنوبية,2272.91,27569.7,860.363,Kasserine,1576.96,0.0414545,695.954,0.154847,within normal range · dans la plage normale
11933810B87757841010951,فوسانة,1742.93,39943.3,911.416,Kasserine,1501.27,0.0167223,241.66,-0.77993,within normal range · dans la plage normale
11933810B6690726234201,منزل بورقيبة,2138.94,56987,127.738,Bizerte,1321.34,0.0549762,817.6,0.665914,within normal range · dans la plage normale
11933810B33888578945237,قصور الساف,2821.42,56637,220.519,Mahdia,1428.04,0.0785956,1393.38,1.55863,within normal range · dans la plage normale
11933810B16609511598620,قربة,4404.12,73579,206.684,Nabeul,3031.47,0.0423725,1372.66,0.189545,within normal range · dans la plage normale
11933810B43224810674441,عمدون,485.851,21483,241.219,Béja,359.668,0.033978,126.184,-0.127733,within normal range · dans la plage normale
11933810B58495148677727,المهدية,4877.32,77981,164.988,Mahdia,3291.29,0.0446706,1586.02,0.276401,within normal range · dans la plage normale
11933810B21305509879120,الزهور,641.781,17687.5,3.24835,Kasserine,645.677,-0.000672311,-3.89637,-1.43738,within normal range · dans la plage normale
11933810B9843874857613,العلاء,711.24,25616.5,359.205,Kairouan,446.091,0.0531986,265.149,0.598726,within normal range · dans la plage normale
11933810B85460766663298,جرجيس,4154.79,74187.5,881.681,Médenine,4253.88,-0.00261539,-99.089,-1.51082,within normal range · dans la plage normale
11933810B63769477321457,Jendouba Nord,1906.78,51447.4,297.068,Jendouba,1224.9,0.0504022,681.883,0.493035,within normal range · dans la plage normale
11933810B76554962247664,دقاش,1809.29,31341.9,1412.05,Tozeur,1590.52,0.0144219,218.764,-0.866877,within normal range · dans la plage normale
11933810B30823561868472,طبربة,1437.74,58234.6,285.124,Manouba,1181.68,0.0220321,256.061,-0.579242,within normal range · dans la plage normale
11933810B61776975949609,صفاقس المدينة,4952.97,107320,28.3649,Sfax,4342.44,0.014724,610.525,-0.855457,within normal range · dans la plage normale
11933810B38819723902176,قبلاط,765.943,13883.3,412.257,Béja,622.475,0.0233125,143.468,-0.530848,within normal range · dans la plage normale
11933810B33504132443060,نابل,3924.92,89326.1,74.6778,Nabeul,3660.83,0.00776959,264.09,-1.11831,within normal range · dans la plage normale
11933810B24040773299461,منيهلة,2794.44,153409,23.0462,Ariana,2008.41,0.0373805,786.031,0.000866187,within normal range · dans la plage normale
11933810B74384837832426,منوبة‬,2704.59,97883.8,11.7303,Manouba,2325.03,0.0169442,379.567,-0.771544,within normal range · dans la plage normale
11933810B33126972723663,منزل جميل,2641.93,50943.6,78.7067,Bizerte,1808.15,0.0430341,833.78,0.21455,within normal range · dans la plage normale
11933810B84840502063502,مساكن,5997.31,94972.7,330.736,Sousse,4593.49,0.0300735,1403.82,-0.27531,within normal range · dans la plage normale
11933810B37259719331002,ماجل بالعباس,1135.62,23412,882.231,Kasserine,1403.71,-0.0232736,-268.088,-2.29161,within normal range · dans la plage normale
11933810B95892911712161,كندار,1024.76,11607.9,159.703,Sousse,491.355,0.0850999,533.407,1.80447,within normal range · dans la plage normale
11933810B44054307576941,قلعة سنان,1228.21,14245.6,509.353,El Kef,936.218,0.0306223,291.993,-0.254566,within normal range · dans la plage normale
11933810B62465925468138,قلعة الأندلس,2686.33,38511.9,189.358,Ariana,1729.14,0.0501678,957.185,0.484173,within normal range · dans la plage normale
11933810B35489062673947,قصر هلال,2270.8,53832,22.1994,Monastir,1516.85,0.045853,753.948,0.321093,within normal range · dans la plage normale
11933810B27831601054676,قرمبالية,5279.63,75516.5,300.485,Nabeul,3611.05,0.0431097,1668.58,0.217405,within normal range · dans la plage normale
11933810B33023449768384,قبلي الجنوبية,2342.89,25699.8,1140.08,Kébili,1798.23,0.0298344,544.661,-0.284346,within normal range · dans la plage normale
11933810B10126944429848,قابس المدينة,3046.65,45919.4,17.1074,Gabès,2345.85,0.0294696,700.796,-0.298135,within normal range · dans la plage normale
11933810B98066234289129,فرنانة,799.876,44799.1,390.091,Jendouba,465.194,0.0620727,334.681,0.934129,within normal range · dans la plage normale
11933810B83790658636329,غنوش,1102.43,32396.5,20.3944,Gabès,463.034,0.101184,639.399,2.41239,within normal range · dans la plage normale
11933810B65727884052892,‫عقارب‬,3374.78,31437.8,732.947,Sfax,2102.04,0.0540103,1272.73,0.629404,within normal range · dans la plage normale
11933810B89464736925123,طينة,5115.63,78332.6,100.874,Sfax,3510.21,0.0427352,1605.42,0.203253,within normal range · dans la plage normale
11933810B49609226357839,طبلبة,1391.29,41452,22.6036,Monastir,1043.22,0.0325082,348.069,-0.183287,within normal range · dans la plage normale
11933810B10641809578431,صيادة - لمطة - بوحجر,1674.25,32322.3,13.3154,Monastir,961.636,0.0635467,712.612,0.989842,within normal range · dans la plage normale
11933810B93819416666054,سوسة جوهرة,4955.55,117935,13.8922,Sousse,3353.48,0.0443449,1602.06,0.26409,within normal range · dans la plage normale
11933810B21860369421282,رأس الجبل,1776.47,61944.2,84.6382,Bizerte,1032,0.062206,744.47,0.93917,within normal range · dans la plage normale
11933810B55404586431180,صفاقس الغربية,2762.98,108811,16.3257,Sfax,2160.4,0.0277121,602.577,-0.364562,within normal range · dans la plage normale
11933810B91827641175132,قصيبة المديوني,1891.73,40292.7,35.5131,Monastir,1313.91,0.0413294,577.817,0.150116,within normal range · dans la plage normale
11933810B81652618880798,بوعرادة,618.55,9803.28,379.747,Siliana,507.491,0.0222324,111.059,-0.571672,within normal range · dans la plage normale
11933810B45632571730396,سيدي بو علي,1757.01,24545.1,127.823,Sousse,1036.01,0.0604499,721.003,0.872795,within normal range · dans la plage normale
11933810B19204281524577,سيدي الهاني,1351.65,15082.8,315.755,Sousse,743.065,0.068737,608.585,1.18601,within normal range · dans la plage normale
11933810B13786823130754,سيدي البشير,1256.36,25445.8,2.9832,Tunis,932.239,0.0337092,324.117,-0.137893,within normal range · dans la plage normale
11933810B12415666618118,باجة الشمالية,2131.68,77347.6,424.326,Béja,1714.43,0.0244986,417.252,-0.486016,within normal range · dans la plage normale
11933810B21725458188720,قعفور,552.47,14853,460.302,Siliana,834.43,-0.0447828,-281.96,-3.10457,significant loss · baisse significative
11933810B54708226655560,المتلوي,2358.83,39073.3,969.137,Gafsa,1887.72,0.0250644,471.116,-0.464633,within normal range · dans la plage normale
11933810B97114621769355,‫الصخیرة‬,1979.53,37103.8,904.913,Sfax,1997.24,-0.00098917,-17.7103,-1.44935,within normal range · dans la plage normale
11933810B76195291286542,الزاوية قصيبة الثريات,3518.59,49191.2,35.8642,Sousse,1981.28,0.0658932,1537.31,1.07853,within normal range · dans la plage normale
11933810B97530891468779,المدينة الجديدة,2348.56,49842.9,7.76122,Ben Arous,1146.51,0.0829357,1202.05,1.72267,within normal range · dans la plage normale
11933810B40013450318318,سوسة الرياض,1943.77,45609.3,9.66738,Sousse,866.84,0.0938739,1076.93,2.13609,within normal range · dans la plage normale
11933810B9968739853543,نفطة,1009.09,22389.1,1636.44,Tozeur,1775.9,-0.0608753,-766.815,-3.7128,significant loss · baisse significative
11933810B18034425554259,هبيرة,648.628,11375.8,314.855,Mahdia,549.359,0.0186278,99.2695,-0.707909,within normal range · dans la plage normale
11933810B2611958153952,البطان,762.331,17192.1,154.948,Manouba,517.326,0.0440198,245.004,0.251805,within normal range · dans la plage normale
11933810B25147295271575,الحمامات,6934.36,101616,326.66,Nabeul,5219.48,0.0320691,1714.88,-0.199884,within normal range · dans la plage normale
11933810B34035527934296,السرس,1085.09,21682.5,431.41,El Kef,889.656,0.02231,195.433,-0.568739,within normal range · dans la plage normale
11933810B96784549406628,العمران الأعلى,1355.81,44721.4,3.18,Tunis,831.887,0.0557728,523.922,0.696021,within normal range · dans la plage normale
11933810B58410238411456,العيون,610.012,19049.7,410.142,Kasserine,465.564,0.0304807,144.448,-0.259917,within normal range · dans la plage normale
11933810B56753019610878,الكبارية,2035.03,94224.1,10.3471,Tunis,2617.68,-0.0275876,-582.65,-2.45467,within normal range · dans la plage normale
11933810B70692418830632,المروج,3759.85,93704.5,15.7253,Ben Arous,3459.23,0.00930246,300.628,-1.06037,within normal range · dans la plage normale
11933810B18047024672055,بن قردان,3428.59,84961.9,4791.78,Médenine,4488.98,-0.029498,-1060.39,-2.52687,significant loss · baisse significative
11933810B71937428341343,جربة اجيم,1651.14,25473,158.971,Médenine,832.658,0.0790344,818.482,1.57521,within normal range · dans la plage normale
11933810B22764087432985,جربة حومة السوق,4878.35,82917.4,164.16,Médenine,3034.43,0.05417,1843.92,0.635439,within normal range · dans la plage normale
11933810B67956509398297,حزوة,759.12,4890.13,1281.22,Tozeur,1214.84,-0.0509042,-455.722,-3.33594,significant loss · baisse significative
11933810B81607479948477,زغوان,3338.7,44249.4,407.07,Zaghouan,1611.77,0.0842806,1726.93,1.7735,within normal range · dans la plage normale
11933810B21220731511134,سليانة الجنوبية,1357.25,28145,492.971,Siliana,848.767,0.0535436,508.487,0.611765,within normal range · dans la plage normale
11933810B70280449703815,سيدي بوزيد الغربية,3798.52,68894.4,422.25,Sidi Bouzid,2551.18,0.0452208,1247.33,0.297197,within normal range · dans la plage normale
11933810B49417994468433,غمراسن,1433.09,13830,687.344,Tataouine,916.633,0.0509067,516.455,0.512101,within normal range · dans la plage normale
11933810B60005514770048,قابس الجنوبية,3811.78,78942.9,292.663,Gabès,2809.69,0.0344721,1002.09,-0.109059,within normal range · dans la plage normale
11933810B64556610249653,الشابة,1236.05,23858.6,118.456,Mahdia,913.503,0.0341699,322.55,-0.120482,within normal range · dans la plage normale
11933810B13305423353951,طبرقة‎,1704.79,50502.8,372.116,Jendouba,1123.53,0.0474193,581.257,0.380291,within normal range · dans la plage normale
11933810B30023985357701,سوق الجديد,675.36,23115,344.556,Sidi Bouzid,546.213,0.023862,129.146,-0.510079,within normal range · dans la plage normale
11933810B8106113048091,سوق الأحد,1409.46,17186.4,1664.05,Kébili,1769.6,-0.0249658,-360.136,-2.35557,within normal range · dans la plage normale
11933810B8352609818393,سوسة سيدي عبد الحميد,3272.92,48143.3,11.8837,Sousse,2365.11,0.0367547,907.811,-0.0227857,within normal range · dans la plage normale
11933810B4615556416921,سوسة المدينة,2573.19,41873,7.046,Sousse,1912.92,0.033495,660.271,-0.145991,within normal range · dans la plage normale
11933810B69163376090757,سكرة,5948.26,143488,28.6041,Ariana,3897.86,0.0480835,2050.39,0.405397,within normal range · dans la plage normale
11933810B55515778364888,ساقية سيدي يوسف,1450.99,16806.5,724.996,El Kef,889.704,0.0558498,561.287,0.698929,within normal range · dans la plage normale
11933810B89439185484115,ساقية الزيت,7145.56,92068.1,92.5037,Sfax,3897.32,0.0696758,3248.23,1.2215,within normal range · dans la plage normale
11933810B13645243771423,ساقية الدائر,6288.9,126299,114.551,Sfax,3640.29,0.0626299,2648.6,0.955191,within normal range · dans la plage normale
11933810B90990960542190,رواد,5058.12,176982,55.185,Ariana,3318.45,0.0479471,1739.67,0.40024,within normal range · dans la plage normale
11933810B4282823233173,دوز الشمالية,2963.74,22508.7,2636.61,Kébili,3590.43,-0.0210878,-626.689,-2.209,within normal range · dans la plage normale
11933810B49944749177942,دوز الجنوبية,870.255,20848.7,5185.6,Kébili,3859.78,-0.152538,-2989.53,-7.17727,significant loss · baisse significative
11933810B69098282317118,دوار هيشر,1759.53,98371.9,8.74532,Manouba,1087.03,0.0549686,672.501,0.665623,within normal range · dans la plage normale
11933810B9429743875970,دار شعبان الفهري,1440.74,41527.9,67.4504,Nabeul,1011.18,0.0401213,429.556,0.104455,within normal range · dans la plage normale
11933810B96031064721664,حي التضامن,635.813,69843.9,3.37882,Ariana,462.863,0.0359044,172.95,-0.0549229,within normal range · dans la plage normale
11933810B92430147648185,حمام سوسة,3069.7,60196.9,18.5132,Sousse,2987.95,0.00300387,81.7561,-1.29843,within normal range · dans la plage normale
11933810B65786338139889,حلق الوادي,3584.19,56230.6,20.6703,Tunis,2957.55,0.0215819,626.64,-0.596256,within normal range · dans la plage normale
11933810B70107776875396,جرزونة,1278.18,24092.8,6.7202,Bizerte,1031.47,0.0241142,246.71,-0.500548,within normal range · dans la plage normale
11933810B38507486646045,جدليان,333.228,11536.3,273.22,Kasserine,473.311,-0.0382414,-140.083,-2.85733,significant loss · baisse significative
11933810B63287447977470,جبل الجلود,1239.25,19603.5,4.57534,Tunis,975.543,0.0269417,263.706,-0.393677,within normal range · dans la plage normale
11933810B92881576006474,تينجة,494.372,32355.9,57.6209,Bizerte,362.369,0.0351164,132.003,-0.0847085,within normal range · dans la plage normale
11933810B62164441904454,توزر,3239.22,50880.9,815.875,Tozeur,2642.84,0.0228662,596.378,-0.547716,within normal range · dans la plage normale
11933810B67504768334789,تمغزة,1283.62,6284.91,884.751,Tozeur,864.285,0.0449283,419.332,0.286144,within normal range · dans la plage normale
11933810B41543815367913,تطاوين الجنوبية,2159.88,62099.1,1893.5,Tataouine,2164.68,-0.000246848,-4.80438,-1.4213,within normal range · dans la plage normale
11933810B76558874378908,تاجروين,1660.51,26637,718.155,El Kef,1380.84,0.0207044,279.676,-0.629422,within normal range · dans la plage normale
11933810B84931460768485,بئر علي بن خليفة,1521.18,53471.8,1199.33,Sfax,1444.66,0.00575141,76.5231,-1.19459,within normal range · dans la plage normale
11933810B19780106503049,بئر الأحمر,644.734,9300.57,242.839,Tataouine,461.734,0.0377908,182.999,0.0163721,within normal range · dans la plage normale
11933810B69037134075078,بوفيشة,2038.6,27188.3,261.857,Sousse,1260.59,0.0548613,778.01,0.66157,within normal range · dans la plage normale
11933810B70885239011208,بو عرقوب,2512.77,31242.5,128.904,Nabeul,1011.15,0.106437,1501.62,2.61091,significant gain · hausse significative
11933810B39767465855300,بني خلاد,1653.9,40388.6,113.395,Nabeul,1023.58,0.0547613,630.322,0.657791,within normal range · dans la plage normale
11933810B3817841111611,برقو,678.353,11930.1,447.424,Siliana,441.526,0.0488714,236.828,0.435174,within normal range · dans la plage normale
11933810B17084695603021,برج العامري,1475.05,19626.3,172.267,Manouba,658.267,0.0937895,816.78,2.1329,within normal range · dans la plage normale
11933810B61318752024090,الوردية,1055.37,31807.6,3.97841,Tunis,1045.54,0.00104008,9.82779,-1.37265,within normal range · dans la plage normale
11933810B40616905411348,الوردانين,901.855,22103.6,51.6256,Monastir,575.98,0.051082,325.875,0.518729,within normal range · dans la plage normale
11933810B72032041676540,المنزه,3470.9,44307.1,9.73856,Tunis,3028.86,0.0152515,442.039,-0.835521,within normal range · dans la plage normale
11933810B15261795399084,الكرم,2738.2,66085.3,9.53821,Tunis,2305.7,0.0192851,432.492,-0.683068,within normal range · dans la plage normale
11933810B46924105449942,القلعة الكبرى,3143.6,67730.1,231.619,Sousse,1991.01,0.0520569,1152.59,0.555575,within normal range · dans la plage normale
11933810B31167158349382,القلعة الصغرى,2031.45,49945.3,102.719,Sousse,1289.87,0.0517634,741.588,0.54448,within normal range · dans la plage normale
11933810B49043051728800,القلعة الخصباء,498.499,6365.38,205.25,El Kef,356.837,0.0378454,141.662,0.0184379,within normal range · dans la plage normale
11933810B67570722535168,الفوار‬,4193.4,20964,9714.14,Kébili,7360.42,-0.0605979,-3167.02,-3.70232,significant loss · baisse significative
11933810B99487931603822,الفحص,2592.63,47781.3,931.139,Zaghouan,1683.86,0.0491223,908.774,0.444659,within normal range · dans la plage normale
11933810B8760132099835,الغريبة,984.071,10564.5,428.74,Sfax,643.201,0.048383,340.87,0.416716,within normal range · dans la plage normale
11933810B5953362566301,السبيخة,2627.89,88952.5,1063.32,Kairouan,1816.02,0.0419135,811.862,0.172194,within normal range · dans la plage normale
11933810B1906058680343,الساحلين,2511.47,30824.4,42.5311,Monastir,1677.16,0.0458844,834.308,0.322279,within normal range · dans la plage normale
11933810B82782291879884,الدهماني,1117.78,25421.3,541.572,El Kef,1061.54,0.00575192,56.2346,-1.19457,within normal range · dans la plage normale
11933810B93810808295366,الحرائرية,2914.2,97287.6,23.8658,Tunis,2349.27,0.0242324,564.931,-0.49608,within normal range · dans la plage normale
11933810B26016099352541,الجريصة,879.091,8526.25,171.551,El Kef,562.733,0.0508136,316.358,0.508582,within normal range · dans la plage normale
11933810B19311233217993,البقالطة,911.658,16752.5,40.3839,Monastir,777.375,0.0178623,134.283,-0.736843,within normal range · dans la plage normale
11933810B52939615202666,أكودة,3669.01,44059.6,45.053,Sousse,2054.07,0.0665779,1614.94,1.10441,within normal range · dans la plage normale
11933810B85991761590163,أريانة المدينة,5065.25,129471,18.6755,Ariana,4223.46,0.0203995,841.787,-0.640946,within normal range · dans la plage normale
11933810B91048903383845,Menzel Chaker,3265.46,38095.7,1628.82,Sfax,3126.79,0.00483305,138.667,-1.2293,within normal range · dans la plage normale
11933810B64295465131340,El Hencha,2915.58,53066.4,525.359,Sfax,1600.91,0.0688794,1314.67,1.1914,within normal range · dans la plage normale
11933810B39381734454792,Carthage,1952.02,26336.2,8.34485,Tunis,1528.94,0.0275147,423.074,-0.372022,within normal range · dans la plage normale
11933810B27500273818749,Bou Salem,1237.06,25890.4,283.064,Jendouba,945.705,0.0302895,291.351,-0.267143,within normal range · dans la plage normale
11933810B50492442899568,Balta Bouawene,1012.27,45665.7,295.915,Jendouba,585.343,0.0627517,426.928,0.959794,within normal range · dans la plage normale
11933810B69695767821716,غار الملح,820.145,15123.3,93.6117,Bizerte,507.893,0.0546887,312.252,0.655045,within normal range · dans la plage normale
11933810B79768086949873,وادي اللیل‬,2609.65,96742,57.8424,Manouba,1575.84,0.0576481,1033.81,0.766901,within normal range · dans la plage normale
11933810B94389885221206,واد مليز,502.125,17947.3,198.512,Jendouba,383.105,0.0305164,119.02,-0.25857,within normal range · dans la plage normale
11933810B20916595248179,هرقلة,1491.47,9808.26,84.9454,Sousse,905.458,0.0570192,586.01,0.743128,within normal range · dans la plage normale
11933810B90101987139089,العالية,964.779,33986.4,84.3133,Bizerte,424.132,0.0956164,540.647,2.20195,within normal range · dans la plage normale
11933810B20445335117262,الشراردة,792.268,24490.8,328.879,Kairouan,655.627,0.021257,136.641,-0.608538,within normal range · dans la plage normale
11933810B77374835127738,حمام الشط,1812.54,39526.9,25.8872,Ben Arous,1222.61,0.0447203,589.93,0.278279,within normal range · dans la plage normale
11933810B69090870616601,تيبار,274.396,11427.4,114.371,Béja,190.372,0.0414574,84.0234,0.154956,within normal range · dans la plage normale
11933810B93719080710322,‫المحرس‬,2964.44,50434.4,431.785,Sfax,3606.5,-0.0215477,-642.06,-2.22638,within normal range · dans la plage normale
11933810B77110081230007,بلخير,439.955,15435.6,839.188,Gafsa,615.579,-0.0366333,-175.624,-2.79656,significant loss · baisse significative
11933810B27365957956997,العامرة,1810.39,31662.5,179.534,Sfax,898.774,0.0809144,911.616,1.64627,within normal range · dans la plage normale
11933810B63201722786618,الكريب,753.584,19524.1,424.05,Siliana,882.953,-0.0174495,-129.37,-2.07149,within normal range · dans la plage normale
11933810B80970548575435,باب بحر,3344.38,24283.1,10.9365,Tunis,2874.28,0.0169733,470.096,-0.770443,within normal range · dans la plage normale
11933810B4327996675990,الزهراء,1424.56,40854.7,7.56139,Ben Arous,1009.88,0.0389651,414.674,0.0607588,within normal range · dans la plage normale
11933810B23225476199680,العمران,1748.62,39160,4.77101,Tunis,1192.22,0.0434755,556.404,0.231233,within normal range · dans la plage normale
11933810B16314159892818,مقرين,1997.34,34676,10.5423,Ben Arous,1589.67,0.0256902,407.673,-0.440981,within normal range · dans la plage normale
11933810B99011573109347,بومهل البساتين,2441.36,41329.9,20.1042,Ben Arous,1490.65,0.0563457,950.703,0.717672,within normal range · dans la plage normale
11933810B49298312402477,جربة ميدون,4267.84,68167.6,187.437,Médenine,3097.42,0.0362572,1170.42,-0.0415912,within normal range · dans la plage normale
11933810B14386581864910,حي الخضراء,7627.79,20760.5,36.1751,Tunis,6815.16,0.0125952,812.633,-0.935917,within normal range · dans la plage normale
11933810B30705450500253,المرناقية,4565.79,49599.1,260.058,Manouba,2079.78,0.0913001,2486,2.03881,within normal range · dans la plage normale
11933810B74832609224245,بنبلة,2002.24,35744.8,48.4098,Monastir,1347.64,0.0449723,654.603,0.287806,within normal range · dans la plage normale
11933810B54416453623,سيدي بوزيد الشرقية,4200.02,60378.8,791.888,Sidi Bouzid,3036.7,0.0366923,1163.32,-0.0251441,within normal range · dans la plage normale
11933810B98016623241881,سيدي ثابت,2226.94,56069.1,97.2932,Ariana,1384.4,0.0542376,842.538,0.637997,within normal range · dans la plage normale
11933810B21257507323383,سيدي حسين,4254.25,106510,64.6762,Tunis,3187.51,0.0325954,1066.74,-0.17999,within normal range · dans la plage normale
11933810B7200177865373,سبيطلة,3218.24,78834.1,1113.03,Kasserine,2468.78,0.0298952,749.467,-0.28205,within normal range · dans la plage normale
11933810B17375886890417,حمام الأنف,1106.07,42094.8,11.147,Ben Arous,1011.46,0.00998432,94.6047,-1.0346,within normal range · dans la plage normale
11933810B52074179872789,فريانة,2785.06,54466.8,1002.87,Kasserine,2366.56,0.0182573,418.504,-0.721914,within normal range · dans la plage normale
11933810B3034727793195,تستور,1783.4,34619,640.083,Béja,1304.09,0.0353911,479.305,-0.0743271,within normal range · dans la plage normale
11933810B37862088791511,حاجب العيون,1658.71,36358.9,586.864,Kairouan,1077.83,0.0490649,580.882,0.442488,within normal range · dans la plage normale
11933810B10014638911734,حاسي الفريد,651.089,20274,964.676,Kasserine,928.214,-0.0386356,-277.125,-2.87224,significant loss · baisse significative
11933810B29864184441707,بئر مشارقة,3752.26,31844.9,532.053,Zaghouan,2152.32,0.0637038,1599.94,0.995781,within normal range · dans la plage normale
11933810B5291941008457,Jendouba Sud,2648.17,62544.8,252.428,Jendouba,1949.13,0.0346404,699.038,-0.1027,within normal range · dans la plage normale
11933810B48763821279010,Kerkennah,2348.15,14887.6,150.439,Sfax,1081.33,0.0899803,1266.82,1.98893,within normal range · dans la plage normale
11933810B23318166280957,الروحية,490.683,25052.5,652.011,Siliana,744.046,-0.0452027,-253.364,-3.12044,significant loss · baisse significative
11933810B792600527731,السيجومي,710.835,24549.9,2.38643,Tunis,643.756,0.0110742,67.0785,-0.993406,within normal range · dans la plage normale
11933810B49393262252767,أم العرائس,1764.83,24139.2,971.565,Gafsa,1488.35,0.0191121,276.48,-0.689604,within normal range · dans la plage normale
11933810B59766353296810,سليانة الشمالية,1917.79,33858.3,384.233,Siliana,1102.76,0.0634139,815.03,0.984821,within normal range · dans la plage normale
11933810B38672190318546,ذهيبة,2828.21,4357.41,3211.31,Tataouine,7240.19,-0.0991754,-4411.97,-5.16039,significant loss · baisse significative
11933810B45404698681959,جومين,392.738,27032.2,552.301,Bizerte,587.076,-0.043685,-194.338,-3.06308,significant loss · baisse significative
11933810B14634667217503,بومرداس,1693.75,33314.5,190.815,Mahdia,1130.42,0.0459521,563.32,0.324839,within normal range · dans la plage normale
11933810B855044538504,بني خيار,2287.01,45625.6,105.16,Nabeul,1577.45,0.0421339,709.555,0.180523,within normal range · dans la plage normale
11933810B10530629108425,بوحجلة,2304.35,74461.6,685.436,Kairouan,1562.44,0.0441177,741.909,0.255504,within normal range · dans la plage normale
11933810B94035776455507,الهوارية,2078.52,38798.3,309.361,Nabeul,932.81,0.0931063,1145.71,2.10708,within normal range · dans la plage normale
11933810B85459320583034,صواف,636.937,13759.5,251.467,Zaghouan,428.66,0.0449831,208.277,0.288214,within normal range · dans la plage normale
11933810B73279713716236,بئر الحفي,2016.32,41170.2,512.854,Sidi Bouzid,1157.35,0.0636242,858.968,0.992772,within normal range · dans la plage normale
11933810B41984965215358,الجديدة,2648.44,55658.9,182.586,Manouba,1254.26,0.0865931,1394.18,1.8609,within normal range · dans la plage normale
11933810B94695140482222,المحمدية,3243.8,77273.7,96.6305,Ben Arous,1912.54,0.0604588,1331.26,0.873132,within normal range · dans la plage normale
11933810B14836095916482,القيروان الشمالية,5854.37,123819,250.546,Kairouan,3783.08,0.0497127,2071.29,0.466974,within normal range · dans la plage normale
11933810B63421014427866,الكاف الغربية,1591.68,34493.6,212.956,El Kef,973.513,0.0561453,618.163,0.710099,within normal range · dans la plage normale
11933810B49902378284824,نبر,1246.55,24314.1,716.054,El Kef,1096.63,0.014339,149.916,-0.870009,within normal range · dans la plage normale
11933810B14406608577982,ملولش,832.552,23403.6,159.348,Mahdia,458.512,0.0685245,374.04,1.17798,within normal range · dans la plage normale
11933810B90184807818123,منزل بوزيان,837.193,25400.2,551.846,Sidi Bouzid,728.347,0.0155955,108.846,-0.822517,within normal range · dans la plage normale
11933810B99005067592963,جمال,4052.21,74170.1,156.249,Monastir,2235.89,0.0683009,1816.33,1.16953,within normal range · dans la plage normale
11933810B7896937975348,بني خداش,942.305,23918.6,1353.74,Médenine,1188.54,-0.025465,-246.238,-2.37444,within normal range · dans la plage normale
11933810B80105937964230,تبرسق,1058.34,20994.7,393.69,Béja,718.444,0.0439808,339.897,0.250332,within normal range · dans la plage normale
11933810B23550451682072,المكنين,4210.14,94408.1,195.826,Monastir,2729.85,0.0493164,1480.29,0.451994,within normal range · dans la plage normale
11933810B26778140305408,المنستير,5939.17,112495,61.873,Monastir,4715.8,0.025959,1223.36,-0.430822,within normal range · dans la plage normale
11933810B93469460723803,والد شامخ,757.215,23980.9,323.438,Mahdia,657.375,0.0158343,99.8395,-0.813494,within normal range · dans la plage normale
11933810B66279865706920,قفصة الجنوبية,3948.84,93636.8,746.814,Gafsa,3345.25,0.0186022,603.593,-0.708879,within normal range · dans la plage normale
11933810B57085806890021,سيدي علوان,1386.14,37292.4,287.005,Mahdia,751.439,0.0703997,634.702,1.24886,within normal range · dans la plage normale
11933810B48053950180724,الرقاب,3106.71,68285.8,1032.61,Sidi Bouzid,2125.98,0.0430488,980.731,0.215103,within normal range · dans la plage normale
11933810B22312000664115,نفزة,938.832,45393.5,597.459,Béja,624.069,0.0464203,314.763,0.342535,within normal range · dans la plage normale
11933810B84544107883303,سيدي علي بن عون,1426.13,30180.3,610.939,Sidi Bouzid,803.052,0.065891,623.077,1.07845,within normal range · dans la plage normale
11933810B88650874660140,سجنان,570.183,39310.2,618.207,Bizerte,529.192,0.00832395,40.9907,-1.09735,within normal range · dans la plage normale
11933810B70866189338214,رادس,4552.05,62317.9,19.692,Ben Arous,3122.85,0.042759,1429.2,0.204152,within normal range · dans la plage normale
11933810B57309520880620,حمام الغزاز,1412.86,21258.7,93.8907,Nabeul,650.082,0.0900811,762.773,1.99274,within normal range · dans la plage normale
11933810B56579355102022,تاكلسة,1191.12,24792,277.349,Nabeul,672.412,0.065592,518.704,1.06715,within normal range · dans la plage normale
11933810B71477976393658,منزل الحبيب,490.343,10011.3,948.919,Gabès,671.339,-0.0343056,-180.997,-2.70858,significant loss · baisse significative
11933810B10318624738248,الحامة,2432.76,81013.5,2631.77,Gabès,2843.15,-0.0171716,-410.392,-2.06098,within normal range · dans la plage normale
11933810B21643194978673,مطماطة,1240.43,3990.87,1239.47,Gabès,1596.94,-0.0276799,-356.511,-2.45815,within normal range · dans la plage normale
11933810B54928628318578,منزل بوزلفة,1096.87,38775,133.8,Nabeul,780.835,0.038483,316.031,0.0425344,within normal range · dans la plage normale
11933810B10041539297974,نصر الله,1556.18,32159.4,681.797,Kairouan,1101.31,0.0391625,454.872,0.0682172,within normal range · dans la plage normale
11933810B17792419290785,قليبية,1760.49,58820.4,125.54,Nabeul,1434.78,0.0229914,325.708,-0.542984,within normal range · dans la plage normale
11933810B54717657919008,كسرى,544.569,15962.6,432.479,Siliana,515.356,0.00614504,29.2127,-1.17971,within normal range · dans la plage normale
11933810B45961681846987,منزل تميم,2170.92,69342.6,262.056,Nabeul,1565.12,0.0370229,605.795,-0.0126509,within normal range · dans la plage normale
