date,name,sol,month,year,expected,resid,z
2021-01-01,Ariana,24655.3,1,2021,23654.5,0.0423117,0.795393
2021-02-01,Ariana,25424.3,2,2021,25471.4,-0.00184836,-0.089633
2021-03-01,Ariana,23393.9,3,2021,26117.8,-0.104291,-2.14272
2021-04-01,Ariana,24882.6,4,2021,26819.2,-0.0722105,-1.49978
2021-05-01,Ariana,26840.3,5,2021,24777.2,0.0832632,1.61612
2021-06-01,Ariana,26996.1,6,2021,26545.6,0.0169706,0.287523
2021-07-01,Ariana,25740.3,7,2021,25602.3,0.00539198,0.055473
2021-08-01,Ariana,22277.4,8,2021,24787.1,-0.10125,-2.08177
2021-09-01,Ariana,25011.3,9,2021,24443.4,0.0232362,0.413095
2021-10-01,Ariana,21754.4,10,2021,26199.7,-0.169672,-3.45303
2021-11-01,Ariana,24064.9,11,2021,25531.8,-0.0574565,-1.20409
2021-12-01,Ariana,22866.1,12,2021,24058.3,-0.0495548,-1.04573
2022-01-01,Ariana,22616.3,1,2022,24334.1,-0.070592,-1.46735
2022-02-01,Ariana,25080.7,2,2022,25586,-0.0197489,-0.448383
2022-03-01,Ariana,24139.4,3,2022,25869.3,-0.0668681,-1.39271
2022-04-01,Ariana,26217.7,4,2022,26374.1,-0.00593189,-0.171472
2022-05-01,Ariana,24107.5,5,2022,25688.2,-0.0615333,-1.2858
2022-06-01,Ariana,26205.1,6,2022,26809.2,-0.0225336,-0.504191
2022-07-01,Ariana,23844.4,7,2022,26234.2,-0.0910955,-1.87826
2022-08-01,Ariana,23640.1,8,2022,24332.8,-0.028467,-0.623106
2022-09-01,Ariana,24076.3,9,2022,24755.1,-0.0274215,-0.602151
2022-10-01,Ariana,26547.4,10,2022,24602.1,0.0790741,1.53216
2022-11-01,Ariana,24170.8,11,2022,25496.5,-0.051998,-1.0947
2022-12-01,Ariana,25849,12,2022,23064,0.120752,2.36744
2023-01-01,Ariana,23451.4,1,2023,24055.8,-0.0251249,-0.556125
2023-02-01,Ariana,25541.4,2,2023,25432.4,0.00428621,0.0333119
2023-03-01,Ariana,28056.5,3,2023,24563.6,0.1422,2.79729
2023-04-01,Ariana,26687.6,4,2023,26217.5,0.0179284,0.306719
2023-05-01,Ariana,24913,5,2023,25419.7,-0.0199326,-0.452065
2023-06-01,Ariana,27088.5,6,2023,26514.8,0.021638,0.381065
2023-07-01,Ariana,25071.6,7,2023,25825.2,-0.0291804,-0.637403
2023-08-01,Ariana,26187.5,8,2023,23483.7,0.115138,2.25492
2023-09-01,Ariana,25141.8,9,2023,24399.9,0.0304046,0.556759
2023-10-01,Ariana,26572.2,10,2023,24593.8,0.0804423,1.55958
2023-11-01,Ariana,27042.8,11,2023,24539.2,0.102023,1.99208
2023-12-01,Ariana,24234.7,12,2023,23602.1,0.0268013,0.484544
2024-01-01,Ariana,24895.7,1,2024,23574.3,0.0560496,1.07072
2024-02-01,Ariana,25792.2,2,2024,25348.8,0.0174906,0.297945
2024-03-01,Ariana,26157.4,3,2024,25196.6,0.0381296,0.711578
2024-04-01,Ariana,27552.3,4,2024,25929.3,0.0625948,1.20189
2024-05-01,Ariana,25311.2,5,2024,25286.9,0.000961887,-0.0333119
2024-06-04,Ariana,26343.1,6,2024,26763.2,-0.0156974,-0.367186
2024-07-01,Ariana,27890.8,7,2024,24885.4,0.120768,2.36776
2024-08-01,Ariana,24533.5,8,2024,24035,0.0207414,0.363095
2024-09-01,Ariana,24112.1,9,2024,24743.1,-0.0255029,-0.563701
2024-10-01,Ariana,25479.6,10,2024,24958,0.0208985,0.366244
2024-11-01,Ariana,25382,11,2024,25092.8,0.0115247,0.17838
2024-12-01,Ariana,22091.2,12,2024,24316.6,-0.0915173,-1.88672
2021-01-01,Ben Arous,32049,1,2021,32626.8,-0.0177101,-0.276865
2021-02-01,Ben Arous,33845.7,2,2021,35388.5,-0.0435957,-0.601638
2021-03-01,Ben Arous,30914.5,3,2021,35197.9,-0.121694,-1.5815
2021-04-01,Ben Arous,33114.9,4,2021,36893.6,-0.10242,-1.33968
2021-05-01,Ben Arous,33814.1,5,2021,33255.2,0.0168062,0.156195
2021-06-01,Ben Arous,35026.7,6,2021,35609.8,-0.0163729,-0.260086
2021-07-01,Ben Arous,32662.8,7,2021,31720.4,0.029709,0.31808
2021-08-01,Ben Arous,28507,8,2021,33677.4,-0.153529,-1.98092
2021-09-01,Ben Arous,31220.9,9,2021,33341.6,-0.0636063,-0.852701
2021-10-01,Ben Arous,29929.7,10,2021,35985.8,-0.168292,-2.16614
2021-11-01,Ben Arous,31725.1,11,2021,35745.9,-0.112483,-1.46594
2021-12-01,Ben Arous,29864.7,12,2021,33909.8,-0.119289,-1.55132
2022-01-01,Ben Arous,29911.4,1,2022,33339.4,-0.102819,-1.34469
2022-02-01,Ben Arous,34454.5,2,2022,35185.6,-0.0207797,-0.315377
2022-03-01,Ben Arous,30787.1,3,2022,35240.4,-0.126367,-1.64013
2022-04-01,Ben Arous,35584,4,2022,36070.5,-0.0134882,-0.223894
2022-05-01,Ben Arous,31561.4,5,2022,34006.1,-0.0718901,-0.956634
2022-06-01,Ben Arous,34465.8,6,2022,35796.8,-0.0371805,-0.52115
2022-07-01,Ben Arous,31695,7,2022,32043,-0.0108611,-0.190933
2022-08-01,Ben Arous,31494.8,8,2022,32681.5,-0.0363102,-0.51023
2022-09-01,Ben Arous,31436.2,9,2022,33269.9,-0.0551157,-0.746174
2022-10-01,Ben Arous,35543.2,10,2022,34114.6,0.0418778,0.470756
2022-11-01,Ben Arous,34070.8,11,2022,34964.1,-0.0255493,-0.375219
2022-12-01,Ben Arous,35704.4,12,2022,31963.2,0.117047,1.41387
2023-01-01,Ben Arous,33328,1,2023,32200.5,0.035016,0.384665
2023-02-01,Ben Arous,35470.6,2,2023,34846.9,0.0179002,0.169922
2023-03-01,Ben Arous,37851.8,3,2023,32885.5,0.151017,1.84007
2023-04-01,Ben Arous,37355.2,4,2023,35480.1,0.0528497,0.608416
2023-05-01,Ben Arous,32031.2,5,2023,33849.5,-0.0537178,-0.728635
2023-06-01,Ben Arous,35618.1,6,2023,35412.7,0.00580074,0.0181152
2023-07-01,Ben Arous,32025.8,7,2023,31932.7,0.00291305,-0.0181152
2023-08-01,Ben Arous,34082,8,2023,31819.1,0.071117,0.837607
2023-09-01,Ben Arous,33360.7,9,2023,32628.4,0.022443,0.226918
2023-10-01,Ben Arous,35844.3,10,2023,34014.3,0.0538006,0.620347
2023-11-01,Ben Arous,36427.2,11,2023,34178.6,0.0657881,0.770748
2023-12-01,Ben Arous,32416.6,12,2023,33059.2,-0.0194359,-0.298517
2024-01-01,Ben Arous,34641,1,2024,31762.8,0.0906162,1.08225
2024-02-01,Ben Arous,36240.4,2,2024,34590.3,0.0477061,0.543882
2024-03-01,Ben Arous,36954.8,3,2024,33184.5,0.113617,1.37084
2024-04-01,Ben Arous,37741.4,4,2024,35351.4,0.0676089,0.793592
2024-05-01,Ben Arous,36173,5,2024,32468.9,0.114082,1.37667
2024-06-04,Ben Arous,36745.4,6,2024,35036.9,0.0487645,0.557161
2024-07-01,Ben Arous,31440.5,7,2024,32127.8,-0.0213952,-0.323099
2024-08-01,Ben Arous,35455.5,8,2024,31361.3,0.130551,1.5833
2024-09-01,Ben Arous,35228.1,9,2024,32005.9,0.100674,1.20844
2024-10-01,Ben Arous,36569.9,10,2024,33772.4,0.0828331,0.984603
2024-11-01,Ben Arous,36739.9,11,2024,34074.4,0.0782283,0.926829
2024-12-01,Ben Arous,33608.3,12,2024,32661.9,0.0289753,0.308875
2021-01-01,Bizerte,21879.9,1,2021,24887,-0.120832,-0.923614
2021-02-01,Bizerte,29130.3,2,2021,26058.2,0.117893,0.984845
2021-03-01,Bizerte,22813.9,3,2021,26223.8,-0.130029,-0.997136
2021-04-01,Bizerte,24413.9,4,2021,26709.6,-0.085951,-0.644763
2021-05-01,Bizerte,26075.2,5,2021,26755.3,-0.0254208,-0.160861
2021-06-01,Bizerte,27628.2,6,2021,29376.5,-0.0595138,-0.433414
2021-07-01,Bizerte,25815.5,7,2021,24805.8,0.0407019,0.367749
2021-08-01,Bizerte,24205,8,2021,25142,-0.0372662,-0.255558
2021-09-01,Bizerte,23422.8,9,2021,24215.1,-0.03272,-0.219214
2021-10-01,Bizerte,22457.2,10,2021,28418.4,-0.209767,-1.6346
2021-11-01,Bizerte,22428.4,11,2021,26542.6,-0.155003,-1.19679
2021-12-01,Bizerte,23351,12,2021,25905.9,-0.0986229,-0.746067
2022-01-01,Bizerte,21838.3,1,2022,24900.9,-0.122989,-0.940856
2022-02-01,Bizerte,23621.7,2,2022,27894.4,-0.153172,-1.18216
2022-03-01,Bizerte,21793,3,2022,26564.1,-0.179606,-1.39348
2022-04-01,Bizerte,25107.4,4,2022,26478.4,-0.0517783,-0.371574
2022-05-01,Bizerte,25813.7,5,2022,26842.4,-0.0383245,-0.264019
2022-06-01,Bizerte,28161,6,2022,29198.9,-0.0355457,-0.241803
2022-07-01,Bizerte,20084.4,7,2022,26716.2,-0.248229,-1.94207
2022-08-01,Bizerte,22396.3,8,2022,25744.9,-0.13007,-0.997472
2022-09-01,Bizerte,22317.4,9,2022,24583.6,-0.0921815,-0.694572
2022-10-01,Bizerte,26259.7,10,2022,27150.9,-0.0328249,-0.220052
2022-11-01,Bizerte,23343.2,11,2022,26237.7,-0.110318,-0.83956
2022-12-01,Bizerte,26592.7,12,2022,24825.4,0.0711885,0.611471
2023-01-01,Bizerte,22811.9,1,2023,24576.3,-0.0717942,-0.531588
2023-02-01,Bizerte,27885.5,2,2023,26473.2,0.053349,0.468855
2023-03-01,Bizerte,27599.7,3,2023,24628.5,0.120641,1.00681
2023-04-01,Bizerte,27729.7,4,2023,25604.3,0.0830106,0.705981
2023-05-01,Bizerte,27921.2,5,2023,26140,0.0681423,0.587119
2023-06-01,Bizerte,29809.8,6,2023,28649.3,0.0405046,0.366172
2023-07-01,Bizerte,26551.1,7,2023,24560.6,0.0810453,0.690271
2023-08-01,Bizerte,25421.1,8,2023,24736.6,0.027672,0.263583
2023-09-01,Bizerte,24948.4,9,2023,23706.6,0.0523833,0.461135
2023-10-01,Bizerte,31109,10,2023,25534.5,0.218312,1.78763
2023-11-01,Bizerte,27981.3,11,2023,24691.7,0.133229,1.10745
2023-12-01,Bizerte,24231.7,12,2023,25612.4,-0.0539058,-0.388582
2024-01-01,Bizerte,30010.8,1,2024,22176.7,0.353258,2.86645
2024-02-01,Bizerte,26667.4,2,2024,26879.2,-0.00787767,-0.0206146
2024-03-01,Bizerte,29278.6,3,2024,24068.9,0.21645,1.77275
2024-04-01,Bizerte,27291.6,4,2024,25750.3,0.0598554,0.52087
2024-05-01,Bizerte,26531,5,2024,26603.4,-0.00272041,0.0206146
2024-06-04,Bizerte,30158.8,6,2024,28533,0.0569787,0.497873
2024-07-01,Bizerte,27781.9,7,2024,24150.3,0.150372,1.2445
2024-08-01,Bizerte,27608.6,8,2024,24007.5,0.149999,1.24151
2024-09-01,Bizerte,25379.5,9,2024,23562.9,0.0770976,0.658711
2024-10-01,Bizerte,27886.6,10,2024,26608.6,0.0480292,0.426327
2024-11-01,Bizerte,28303.3,11,2024,24584.3,0.151276,1.25172
2024-12-01,Bizerte,26893.4,12,2024,24725.1,0.0876959,0.743438
2021-01-01,Béja,14423.2,1,2021,17282.7,-0.165452,-0.939447
2021-02-01,Béja,17514,2,2021,17291.4,0.0128765,0.0286879
2021-03-01,Béja,13808.3,3,2021,17197.6,-0.197076,-1.11113
2021-04-01,Béja,14513.1,4,2021,17378.1,-0.164863,-0.936246
2021-05-01,Béja,15619,5,2021,18088.4,-0.136518,-0.782364
2021-06-01,Béja,18592.4,6,2021,20539.7,-0.0948098,-0.555934
2021-07-01,Béja,16979,7,2021,16644.2,0.0201133,0.0679762
2021-08-01,Béja,15420.6,8,2021,16474.9,-0.0639911,-0.388621
2021-09-01,Béja,14542.1,9,2021,16542.8,-0.120942,-0.697806
2021-10-01,Béja,14330.4,10,2021,18929.8,-0.242975,-1.36031
2021-11-01,Béja,14608.7,11,2021,19499.5,-0.250817,-1.40289
2021-12-01,Béja,15553.2,12,2021,17824.7,-0.127435,-0.733054
2022-01-01,Béja,14673,1,2022,17199.4,-0.146887,-0.838659
2022-02-01,Béja,15113.1,2,2022,18091.7,-0.164639,-0.93503
2022-03-01,Béja,13752.6,3,2022,17216.2,-0.201183,-1.13343
2022-04-01,Béja,16611.6,4,2022,16678.6,-0.00401423,-0.0630107
2022-05-01,Béja,17856.5,5,2022,17342.6,0.0296296,0.11964
2022-06-01,Béja,20109.4,6,2022,20034,0.00376417,-0.0207823
2022-07-01,Béja,12744.2,7,2022,18055.8,-0.294179,-1.63829
2022-08-01,Béja,13991.9,8,2022,16951.1,-0.174574,-0.988966
2022-09-01,Béja,15393,9,2022,16259.2,-0.0532725,-0.33043
2022-10-01,Béja,16887.9,10,2022,18077.3,-0.0657954,-0.398416
2022-11-01,Béja,16692.2,11,2022,18805,-0.112353,-0.651176
2022-12-01,Béja,17377.5,12,2022,17216.6,0.00934227,0.00950085
2023-01-01,Béja,16213,1,2023,16686,-0.0283461,-0.195107
2023-02-01,Béja,19072.2,2,2023,16772,0.137149,0.703352
2023-03-01,Béja,17659,3,2023,15914,0.109652,0.554078
2023-04-01,Béja,17753.3,4,2023,16298,0.0892899,0.443531
2023-05-01,Béja,19766,5,2023,16706.1,0.183162,0.953157
2023-06-01,Béja,21150.2,6,2023,19687.1,0.074318,0.36225
2023-07-01,Béja,17738.9,7,2023,16390.9,0.0822417,0.405267
2023-08-01,Béja,16282.2,8,2023,16187.6,0.00584219,-0.00950085
2023-09-01,Béja,16869.3,9,2023,15767.1,0.0699059,0.338297
2023-10-01,Béja,19904,10,2023,17072,0.165888,0.859376
2023-11-01,Béja,20376.2,11,2023,17576.9,0.159259,0.82339
2023-12-01,Béja,15800.1,12,2023,17742.5,-0.109477,-0.63556
2024-01-01,Béja,20961.9,1,2024,15103.1,0.387921,2.06478
2024-02-01,Béja,17688.8,2,2024,17233.1,0.0264425,0.102337
2024-03-01,Béja,20181.1,3,2024,15073.3,0.338866,1.79846
2024-04-01,Béja,17769.4,4,2024,16292.7,0.0906359,0.450838
2024-05-01,Béja,16642.8,5,2024,17747.2,-0.0622289,-0.379054
2024-06-04,Béja,20359.5,6,2024,19950.7,0.020493,0.0700372
2024-07-01,Béja,19449.5,7,2024,15820.7,0.229374,1.20404
2024-08-01,Béja,19150.5,8,2024,15231.6,0.257287,1.35558
2024-09-01,Béja,17366.2,9,2024,15601.5,0.11311,0.572849
2024-10-01,Béja,19997.6,10,2024,17040.8,0.173517,0.900794
2024-11-01,Béja,21430,11,2024,17225.7,0.244072,1.28383
2024-12-01,Béja,20296.6,12,2024,16243.6,0.249516,1.31339
2021-01-01,El Kef,20371.5,1,2021,23223.8,-0.12282,-0.991158
2021-02-01,El Kef,23357.6,2,2021,22814.8,0.0237916,0.0222898
2021-03-01,El Kef,18417.9,3,2021,22183.6,-0.16975,-1.31556
2021-04-01,El Kef,18891.1,4,2021,22875.8,-0.174186,-1.34623
2021-05-01,El Kef,19939.5,5,2021,22990.5,-0.132709,-1.05952
2021-06-01,El Kef,24793.4,6,2021,26928.8,-0.0793009,-0.690335
2021-07-01,El Kef,21633,7,2021,20505.5,0.0549881,0.237935
2021-08-01,El Kef,20221.4,8,2021,20831.3,-0.0292752,-0.344534
2021-09-01,El Kef,19521,9,2021,20899.6,-0.0659605,-0.59812
2021-10-01,El Kef,20638.3,10,2021,24791.1,-0.167511,-1.30009
2021-11-01,El Kef,20895.6,11,2021,25487.4,-0.18016,-1.38752
2021-12-01,El Kef,21051.1,12,2021,23451,-0.102336,-0.849563
2022-01-01,El Kef,20419.2,1,2022,23207.9,-0.120161,-0.972783
2022-02-01,El Kef,20296.6,2,2022,23835.1,-0.148457,-1.16838
2022-03-01,El Kef,18574.8,3,2022,22131.3,-0.160699,-1.253
2022-04-01,El Kef,22407.1,4,2022,21703.8,0.0324058,0.081835
2022-05-01,El Kef,23456.9,5,2022,21818.1,0.0751128,0.377047
2022-06-01,El Kef,26298.2,6,2022,26427.2,-0.00488329,-0.175925
2022-07-01,El Kef,15943.6,7,2022,22402,-0.288293,-2.13499
2022-08-01,El Kef,18336.3,8,2022,21459.6,-0.145544,-1.14824
2022-09-01,El Kef,19910.9,9,2022,20769.6,-0.0413438,-0.427957
2022-10-01,El Kef,22655.1,10,2022,24118.8,-0.0606867,-0.561665
2022-11-01,El Kef,22237.7,11,2022,25040,-0.11191,-0.915749
2022-12-01,El Kef,23147,12,2022,22752.4,0.0173425,-0.0222898
2023-01-01,El Kef,22336.7,1,2023,22568.7,-0.0102807,-0.213235
2023-02-01,El Kef,24461.7,2,2023,22446.7,0.0897658,0.478335
2023-03-01,El Kef,22248,3,2023,20906.9,0.0641446,0.301229
2023-04-01,El Kef,22285,4,2023,21744.5,0.0248574,0.0296572
2023-05-01,El Kef,24455.2,5,2023,21485.3,0.138231,0.813351
2023-06-01,El Kef,27599.8,6,2023,25993.4,0.0618,0.285022
2023-07-01,El Kef,21886.5,7,2023,20421,0.0717669,0.353918
2023-08-01,El Kef,19986.3,8,2023,20909.6,-0.0441592,-0.447419
2023-09-01,El Kef,21289.1,9,2023,20310.2,0.0481928,0.190962
2023-10-01,El Kef,25959.5,10,2023,23017.4,0.127823,0.741405
2023-11-01,El Kef,26279.5,11,2023,23692.7,0.109182,0.612549
2023-12-01,El Kef,20745,12,2023,23553,-0.11922,-0.966278
2024-01-01,El Kef,26915.5,1,2024,21042.5,0.279105,1.78714
2024-02-01,El Kef,23686,2,2024,22705.3,0.0431948,0.156414
2024-03-01,El Kef,25728,3,2024,19746.9,0.302887,1.95153
2024-04-01,El Kef,23935.2,4,2024,21194.4,0.129317,0.751733
2024-05-01,El Kef,21059.5,5,2024,22617.2,-0.0688721,-0.618247
2024-06-04,El Kef,26888.6,6,2024,26230.4,0.0250908,0.0312702
2024-07-01,El Kef,23686.3,7,2024,19821.1,0.195006,1.20581
2024-08-01,El Kef,24171.2,8,2024,19514.7,0.238616,1.50726
2024-09-01,El Kef,21498.8,9,2024,20240.3,0.0621746,0.287611
2024-10-01,El Kef,25758.7,10,2024,23084.3,0.115851,0.658646
2024-11-01,El Kef,27944.8,11,2024,23137.6,0.207767,1.29401
2024-12-01,El Kef,26461,12,2024,21647.7,0.222346,1.3948
2021-01-01,Gabès,31079.7,1,2021,36163.7,-0.140582,-1.22635
2021-02-01,Gabès,31913.6,2,2021,37648.3,-0.152324,-1.32344
2021-03-01,Gabès,28618.7,3,2021,34709.7,-0.175484,-1.51492
2021-04-01,Gabès,25254.2,4,2021,34070.9,-0.258774,-2.20357
2021-05-01,Gabès,29350.9,5,2021,32080.3,-0.0850799,-0.767454
2021-06-01,Gabès,33579.5,6,2021,38964.4,-0.138199,-1.20665
2021-07-01,Gabès,29231.1,7,2021,29790.8,-0.0187893,-0.219359
2021-08-01,Gabès,28886.1,8,2021,32061.9,-0.0990524,-0.88298
2021-09-01,Gabès,26857.9,9,2021,30893,-0.130613,-1.14393
2021-10-01,Gabès,30286.2,10,2021,36932.8,-0.179965,-1.55197
2021-11-01,Gabès,33091.7,11,2021,39604.9,-0.164455,-1.42374
2021-12-01,Gabès,36553.8,12,2021,36193.5,0.0099555,0.0183051
2022-01-01,Gabès,32245.8,1,2022,35775,-0.0986508,-0.879659
2022-02-01,Gabès,34129.6,2,2022,36909.7,-0.0753198,-0.686757
2022-03-01,Gabès,32882.4,3,2022,33288.4,-0.0121963,-0.164848
2022-04-01,Gabès,35250.5,4,2022,30738.8,0.146774,1.14953
2022-05-01,Gabès,34326.2,5,2022,30421.9,0.128338,0.997099
2022-06-01,Gabès,39805.6,6,2022,36889,0.079066,0.589715
2022-07-01,Gabès,26728.7,7,2022,30625,-0.127226,-1.11592
2022-08-01,Gabès,29917.4,8,2022,31718.1,-0.0567719,-0.533402
2022-09-01,Gabès,31625.4,9,2022,29303.8,0.0792276,0.591052
2022-10-01,Gabès,36400.4,10,2022,34894.7,0.0431501,0.292761
2022-11-01,Gabès,36665,11,2022,38413.8,-0.0455238,-0.440401
2022-12-01,Gabès,36121.4,12,2022,36337.6,-0.00595121,-0.113213
2023-01-01,Gabès,35520.9,1,2023,34683.3,0.02415,0.135666
2023-02-01,Gabès,40297.7,2,2023,34853.6,0.156197,1.22744
2023-03-01,Gabès,32960.7,3,2023,33262.3,-0.00906923,-0.138993
2023-04-01,Gabès,32477.7,4,2023,31663.1,0.0257259,0.148696
2023-05-01,Gabès,30519.4,5,2023,31690.8,-0.0369642,-0.36963
2023-06-01,Gabès,39313.5,6,2023,37053,0.0610082,0.440412
2023-07-01,Gabès,31081.6,7,2023,29174,0.0653872,0.476618
2023-08-01,Gabès,30757.8,8,2023,31438,-0.0216377,-0.24291
2023-09-01,Gabès,30487.6,9,2023,29683.1,0.0271056,0.160103
2023-10-01,Gabès,36332,10,2023,34917.5,0.0405089,0.270923
2023-11-01,Gabès,38555.8,11,2023,37783.5,0.020441,0.105
2023-12-01,Gabès,32929.1,12,2023,37401.7,-0.119583,-1.05273
2024-01-01,Gabès,40724.4,1,2024,32948.8,0.23599,1.88717
2024-02-01,Gabès,38517.7,2,2024,35447,0.0866291,0.652248
2024-03-01,Gabès,38285.9,3,2024,31487.3,0.215917,1.72121
2024-04-01,Gabès,34484.6,4,2024,30994.1,0.112616,0.867107
2024-05-01,Gabès,31395.4,5,2024,31398.8,-0.000110475,-0.0649211
2024-06-04,Gabès,37773.9,6,2024,37566.2,0.0055276,-0.0183051
2024-07-01,Gabès,31562.2,7,2024,29013.8,0.0878358,0.662225
2024-08-01,Gabès,35510.5,8,2024,29853.8,0.189482,1.50264
2024-09-01,Gabès,30565.8,9,2024,29657,0.030643,0.189351
2024-10-01,Gabès,38066,10,2024,34339.5,0.108518,0.833223
2024-11-01,Gabès,43593.8,11,2024,36104.2,0.207445,1.65116
2024-12-01,Gabès,39530,12,2024,35201.4,0.122965,0.952679
2021-01-01,Gafsa,25546.2,1,2021,30887.1,-0.172917,-1.20523
2021-02-01,Gafsa,29668.8,2,2021,30906.9,-0.0400595,-0.284537
2021-03-01,Gafsa,24758.1,3,2021,28216.1,-0.122556,-0.856232
2021-04-01,Gafsa,23587.3,4,2021,30447.2,-0.225304,-1.56827
2021-05-01,Gafsa,26630.4,5,2021,29018,-0.0822806,-0.577128
2021-06-01,Gafsa,31261.8,6,2021,34111.1,-0.0835303,-0.585788
2021-07-01,Gafsa,26828.5,7,2021,25722.6,0.0429919,0.291006
2021-08-01,Gafsa,26718.4,8,2021,25928,0.0304832,0.204321
2021-09-01,Gafsa,23913.7,9,2021,27217.4,-0.121382,-0.848098
2021-10-01,Gafsa,27200.5,10,2021,32232.4,-0.156111,-1.08877
2021-11-01,Gafsa,26772.1,11,2021,33507.3,-0.201006,-1.39989
2021-12-01,Gafsa,30880.3,12,2021,31388,-0.0161738,-0.11901
2022-01-01,Gafsa,26869.9,1,2022,30445.8,-0.117451,-0.820857
2022-02-01,Gafsa,26800.9,2,2022,31862.9,-0.15887,-1.10789
2022-03-01,Gafsa,24204.3,3,2022,28400.7,-0.147758,-1.03088
2022-04-01,Gafsa,30835.3,4,2022,28031.2,0.100036,0.686318
2022-05-01,Gafsa,29094.7,5,2022,28196.5,0.0318537,0.213819
2022-06-01,Gafsa,32982.5,6,2022,33537.5,-0.0165485,-0.121607
2022-07-01,Gafsa,21867.5,7,2022,27376.3,-0.201228,-1.40142
2022-08-01,Gafsa,21890.6,8,2022,27537.2,-0.205056,-1.42796
2022-09-01,Gafsa,26237.2,9,2022,26442.9,-0.00778065,-0.0608456
2022-10-01,Gafsa,29161.2,10,2022,31578.8,-0.0765597,-0.537481
2022-11-01,Gafsa,29731.2,11,2022,32520.9,-0.0857795,-0.601375
2022-12-01,Gafsa,29847.5,12,2022,31732.3,-0.0593965,-0.418541
2023-01-01,Gafsa,29427.5,1,2023,29593.3,-0.00560107,-0.0457412
2023-02-01,Gafsa,33007.5,2,2023,29794.1,0.107854,0.7405
2023-03-01,Gafsa,28009.1,3,2023,27132.4,0.0323118,0.216993
2023-04-01,Gafsa,29976.7,4,2023,28317.4,0.0585972,0.39915
2023-05-01,Gafsa,30678.6,5,2023,27668.6,0.108786,0.74696
2023-06-01,Gafsa,35762,6,2023,32611,0.0966225,0.662664
2023-07-01,Gafsa,26215.9,7,2023,25926.8,0.0111508,0.0703488
2023-08-01,Gafsa,25162.2,8,2023,26446.7,-0.0485713,-0.343523
2023-09-01,Gafsa,27419.5,9,2023,26048.8,0.0526183,0.357717
2023-10-01,Gafsa,33455.4,10,2023,30147.4,0.109729,0.753492
2023-11-01,Gafsa,35382.5,11,2023,30637.1,0.154891,1.06646
2023-12-01,Gafsa,29149.3,12,2023,31965,-0.0880852,-0.617353
2024-01-01,Gafsa,36363.7,1,2024,27281.2,0.332923,2.30021
2024-02-01,Gafsa,32912.5,2,2024,29825.7,0.103493,0.710279
2024-03-01,Gafsa,32434.9,3,2024,25657.2,0.264167,1.82374
2024-04-01,Gafsa,30529.5,4,2024,28133.1,0.0851813,0.583377
2024-05-01,Gafsa,27280.7,5,2024,28801.2,-0.0527934,-0.372782
2024-06-04,Gafsa,33588.7,6,2024,33335.4,0.00759994,0.0457412
2024-07-01,Gafsa,29084.5,7,2024,24970.6,0.164749,1.13478
2024-08-01,Gafsa,30731.2,8,2024,24590.4,0.249726,1.72367
2024-09-01,Gafsa,27995.6,9,2024,25856.8,0.0827172,0.566301
2024-10-01,Gafsa,34080.5,10,2024,29939,0.13833,0.951694
2024-11-01,Gafsa,35408,11,2024,30628.6,0.156043,1.07445
2024-12-01,Gafsa,35167.1,12,2024,29959.1,0.17384,1.19778
2021-01-01,Jendouba,13823.9,1,2021,16225.5,-0.148011,-1.03169
2021-02-01,Jendouba,16496.8,2,2021,15564.7,0.0598896,0.306381
2021-03-01,Jendouba,13541.2,3,2021,15791.8,-0.142515,-0.996316
2021-04-01,Jendouba,13828,4,2021,16476.5,-0.160746,-1.11365
2021-05-01,Jendouba,15418.1,5,2021,16811.3,-0.0828782,-0.612487
2021-06-01,Jendouba,17873.8,6,2021,18651.3,-0.0416887,-0.347387
2021-07-01,Jendouba,15941.3,7,2021,15399.7,0.0351668,0.147262
2021-08-01,Jendouba,15412.2,8,2021,15557,-0.00931063,-0.138999
2021-09-01,Jendouba,14201.7,9,2021,15157.9,-0.0630825,-0.48508
2021-10-01,Jendouba,13998.8,10,2021,17500.8,-0.200105,-1.36697
2021-11-01,Jendouba,14508.8,11,2021,17875.5,-0.188344,-1.29127
2021-12-01,Jendouba,14174.4,12,2021,16380.6,-0.134679,-0.945883
2022-01-01,Jendouba,14378.9,1,2022,16040.5,-0.103584,-0.745753
2022-02-01,Jendouba,13715.6,2,2022,16491.7,-0.168333,-1.16248
2022-03-01,Jendouba,12950.4,3,2022,15988.7,-0.190025,-1.3021
2022-04-01,Jendouba,15764.2,4,2022,15831.1,-0.00422623,-0.106275
2022-05-01,Jendouba,17025.1,5,2022,16275.7,0.0460456,0.21728
2022-06-01,Jendouba,18017.3,6,2022,18603.5,-0.0315121,-0.281889
2022-07-01,Jendouba,11242.8,7,2022,16965.9,-0.337329,-2.25015
2022-08-01,Jendouba,13751.8,8,2022,16110.5,-0.146406,-1.02136
2022-09-01,Jendouba,14298.4,9,2022,15125.7,-0.0546927,-0.431082
2022-10-01,Jendouba,15695.2,10,2022,16935.3,-0.0732275,-0.550374
2022-11-01,Jendouba,15678,11,2022,17485.8,-0.103388,-0.744488
2022-12-01,Jendouba,16210.8,12,2022,15701.8,0.0324196,0.129581
2023-01-01,Jendouba,15095.6,1,2023,15801.6,-0.0446819,-0.366652
2023-02-01,Jendouba,16841.9,2,2023,15449.6,0.0901152,0.500915
2023-03-01,Jendouba,16146.1,3,2023,14923.5,0.0819258,0.448208
2023-04-01,Jendouba,16440.4,4,2023,15605.7,0.0534892,0.265187
2023-05-01,Jendouba,18044.4,5,2023,15935.9,0.132311,0.772492
2023-06-01,Jendouba,19012.2,6,2023,18271.8,0.0405165,0.181693
2023-07-01,Jendouba,17374.3,7,2023,14922,0.164341,0.978638
2023-08-01,Jendouba,15402.8,8,2023,15560.2,-0.010115,-0.144176
2023-09-01,Jendouba,15651.8,9,2023,14674.6,0.0665943,0.349533
2023-10-01,Jendouba,18483.7,10,2023,16005.8,0.15481,0.917295
2023-11-01,Jendouba,18640.1,11,2023,16498.4,0.12981,0.756392
2023-12-01,Jendouba,14900.5,12,2023,16138.5,-0.0767128,-0.572805
2024-01-01,Jendouba,19201.9,1,2024,14432.8,0.330437,2.04765
2024-02-01,Jendouba,16136.5,2,2024,15684.8,0.0287984,0.106275
2024-03-01,Jendouba,18278.8,3,2024,14212.6,0.286099,1.76229
2024-04-01,Jendouba,17224.9,4,2024,15344.2,0.122567,0.709781
2024-05-01,Jendouba,15364.6,5,2024,16829.2,-0.0870289,-0.639201
2024-06-04,Jendouba,18924.5,6,2024,18301.1,0.0340676,0.140188
2024-07-01,Jendouba,17582,7,2024,14852.8,0.183751,1.10357
2024-08-01,Jendouba,17516.5,8,2024,14855.6,0.179118,1.07375
2024-09-01,Jendouba,15523.5,9,2024,14717.3,0.0547806,0.273498
2024-10-01,Jendouba,18323.5,10,2024,16059.2,0.140995,0.828385
2024-11-01,Jendouba,19308.5,11,2024,16275.6,0.186347,1.12027
2024-12-01,Jendouba,18030.4,12,2024,15095.3,0.194439,1.17235
2021-01-01,Kairouan,30405.7,1,2021,34513.5,-0.119019,-0.795986
2021-02-01,Kairouan,32823.2,2,2021,35051.2,-0.063562,-0.382001
2021-03-01,Kairouan,27478.5,3,2021,32744.3,-0.160816,-1.10799
2021-04-01,Kairouan,28096,4,2021,33862,-0.170279,-1.17863
2021-05-01,Kairouan,30855.2,5,2021,32911.2,-0.0624726,-0.373868
2021-06-01,Kairouan,36501.3,6,2021,39002.6,-0.0641327,-0.386261
2021-07-01,Kairouan,30275.5,7,2021,29260.4,0.0346931,0.351464
2021-08-01,Kairouan,30321.8,8,2021,29551.7,0.02606,0.287019
2021-09-01,Kairouan,27379.3,9,2021,30514.5,-0.102744,-0.67449
2021-10-01,Kairouan,29807.4,10,2021,35791.3,-0.16719,-1.15557
2021-11-01,Kairouan,30323.1,11,2021,37331.1,-0.187724,-1.30886
2021-12-01,Kairouan,34051.1,12,2021,35486.5,-0.0404484,-0.20946
2022-01-01,Kairouan,28549.1,1,2022,35132.4,-0.187386,-1.30634
2022-02-01,Kairouan,30883.1,2,2022,35697.9,-0.134877,-0.914362
2022-03-01,Kairouan,27650.4,3,2022,32687,-0.154088,-1.05777
2022-04-01,Kairouan,31977.7,4,2022,32568.1,-0.018127,-0.0428331
2022-05-01,Kairouan,32619.5,5,2022,32323.1,0.00916804,0.160922
2022-06-01,Kairouan,37093.5,6,2022,38805.2,-0.0441095,-0.23679
2022-07-01,Kairouan,22631.3,7,2022,31808.5,-0.288514,-2.06124
2022-08-01,Kairouan,24808.7,8,2022,31389.4,-0.209647,-1.47251
2022-09-01,Kairouan,28028.3,9,2022,30298.1,-0.0749151,-0.466751
2022-10-01,Kairouan,33163.4,10,2022,34672.6,-0.0435266,-0.232438
2022-11-01,Kairouan,33341.4,11,2022,36325,-0.082137,-0.520661
2022-12-01,Kairouan,33425.6,12,2022,35695,-0.0635785,-0.382124
2023-01-01,Kairouan,33093.6,1,2023,33617.5,-0.0155856,-0.0238619
2023-02-01,Kairouan,36673.3,2,2023,33767.8,0.0860451,0.734802
2023-03-01,Kairouan,32488.5,3,2023,31074.3,0.0455092,0.432206
2023-04-01,Kairouan,33734.9,4,2023,31982.4,0.0547988,0.501551
2023-05-01,Kairouan,33940.9,5,2023,31882.7,0.0645557,0.574386
2023-06-01,Kairouan,40308.6,6,2023,37733.5,0.0682425,0.601908
2023-07-01,Kairouan,31207,7,2023,28949.9,0.0779659,0.674491
2023-08-01,Kairouan,29178,8,2023,29932.9,-0.0252199,-0.0957807
2023-09-01,Kairouan,31191.6,9,2023,29243.7,0.0666092,0.589715
2023-10-01,Kairouan,37081.1,10,2023,33366.7,0.11132,0.923475
2023-11-01,Kairouan,38885.3,11,2023,34477,0.12786,1.04695
2023-12-01,Kairouan,33068.9,12,2023,35813.9,-0.076646,-0.479671
2024-01-01,Kairouan,41897.8,1,2024,30682.8,0.365516,2.82102
2024-02-01,Kairouan,37597.1,2,2024,33459.9,0.123646,1.01549
2024-03-01,Kairouan,38094.1,3,2024,29205.8,0.304335,2.36431
2024-04-01,Kairouan,35873.3,4,2024,31269.6,0.147228,1.19153
2024-05-01,Kairouan,32173.3,5,2024,32471.8,-0.00919255,0.0238619
2024-06-04,Kairouan,39605.8,6,2024,37967.8,0.0431415,0.414531
2024-07-01,Kairouan,33942.9,7,2024,28037.9,0.210605,1.66463
2024-08-01,Kairouan,34668.3,8,2024,28102.8,0.233624,1.83646
2024-09-01,Kairouan,32323.5,9,2024,28866.4,0.119761,0.986486
2024-10-01,Kairouan,37129.4,10,2024,33350.6,0.113303,0.938283
2024-11-01,Kairouan,39766.6,11,2024,34183.3,0.163336,1.31177
2024-12-01,Kairouan,39965,12,2024,33515.2,0.192444,1.52906
2021-01-01,Kasserine,29032.9,1,2021,33343.7,-0.129283,-0.827969
2021-02-01,Kasserine,32475.9,2,2021,33657.2,-0.0350968,-0.162137
2021-03-01,Kasserine,25279.7,3,2021,30577.5,-0.173257,-1.13883
2021-04-01,Kasserine,27165.7,4,2021,32780.8,-0.171293,-1.12495
2021-05-01,Kasserine,28647.6,5,2021,31459.4,-0.0893783,-0.54587
2021-06-01,Kasserine,36842,6,2021,37648.5,-0.0214223,-0.0654687
2021-07-01,Kasserine,31361.3,7,2021,27000.2,0.16152,1.2278
2021-08-01,Kasserine,28910.2,8,2021,27483.5,0.0519099,0.452938
2021-09-01,Kasserine,26711,9,2021,29480.7,-0.0939509,-0.578194
2021-10-01,Kasserine,29657.8,10,2021,35022.5,-0.153181,-0.996906
2021-11-01,Kasserine,30480.7,11,2021,36802.2,-0.17177,-1.12832
2021-12-01,Kasserine,34003.4,12,2021,34102.8,-0.00291477,0.0653667
2022-01-01,Kasserine,29245.3,1,2022,33272.8,-0.121045,-0.769732
2022-02-01,Kasserine,30020.8,2,2022,34475.6,-0.129217,-0.827497
2022-03-01,Kasserine,26874.4,3,2022,30045.9,-0.105556,-0.660232
2022-04-01,Kasserine,33134.2,4,2022,30791.3,0.0760901,0.623875
2022-05-01,Kasserine,32512.8,5,2022,30171,0.077619,0.634683
2022-06-01,Kasserine,36387.9,6,2022,37799.9,-0.0373536,-0.178091
2022-07-01,Kasserine,22446.6,7,2022,29971.8,-0.251076,-1.68896
2022-08-01,Kasserine,23565,8,2022,29265.2,-0.194778,-1.29097
2022-09-01,Kasserine,28044.3,9,2022,29036.3,-0.0341662,-0.155559
2022-10-01,Kasserine,32539.2,10,2022,34062,-0.0447066,-0.230072
2022-11-01,Kasserine,33106,11,2022,35927.1,-0.0785207,-0.469114
2022-12-01,Kasserine,33527.8,12,2022,34261.3,-0.0214079,-0.0653667
2023-01-01,Kasserine,31445.8,1,2023,32539.3,-0.0336069,-0.151605
2023-02-01,Kasserine,36149.8,2,2023,32432.5,0.114615,0.896217
2023-03-01,Kasserine,31027.5,3,2023,28661.5,0.0825472,0.669522
2023-04-01,Kasserine,32722.4,4,2023,30928.5,0.0580014,0.496001
2023-05-01,Kasserine,33554.3,5,2023,29823.8,0.125083,0.970219
2023-06-01,Kasserine,39756.2,6,2023,36677.1,0.0839529,0.679459
2023-07-01,Kasserine,28676.7,7,2023,27895.1,0.0280204,0.284057
2023-08-01,Kasserine,26613.5,8,2023,28249.1,-0.0578971,-0.32332
2023-09-01,Kasserine,29754.7,9,2023,28466.2,0.0452667,0.405976
2023-10-01,Kasserine,36334.3,10,2023,32797,0.107854,0.848426
2023-11-01,Kasserine,38687,11,2023,34066.7,0.135625,1.04474
2023-12-01,Kasserine,30418.2,12,2023,35297.8,-0.138242,-0.891305
2024-01-01,Kasserine,39339.8,1,2024,29908,0.315362,2.31536
2024-02-01,Kasserine,34801,2,2024,32882.2,0.0583546,0.498497
2024-03-01,Kasserine,33830.5,3,2024,27727.2,0.220121,1.64207
2024-04-01,Kasserine,32485.7,4,2024,31007.4,0.0476756,0.423005
2024-05-01,Kasserine,28311.1,5,2024,31571.6,-0.103273,-0.644097
2024-06-04,Kasserine,36801.4,6,2024,37662,-0.0228524,-0.0755783
2024-07-01,Kasserine,29877.4,7,2024,27494.9,0.086653,0.698547
2024-08-01,Kasserine,32272,8,2024,26362.9,0.224144,1.67051
2024-09-01,Kasserine,30643.2,9,2024,28170,0.0877967,0.706633
2024-10-01,Kasserine,36194,10,2024,32843.8,0.102006,0.807083
2024-11-01,Kasserine,38613.5,11,2024,34091.2,0.132651,1.02372
2024-12-01,Kasserine,38362.3,12,2024,32649.8,0.174964,1.32284
2021-01-01,Kébili,50604.7,1,2021,60414.2,-0.162371,-0.849657
2021-02-01,Kébili,53593.6,2,2021,60271.6,-0.110798,-0.590809
2021-03-01,Kébili,45291.8,3,2021,56127.3,-0.193053,-1.00366
2021-04-01,Kébili,41626.5,4,2021,57408.9,-0.274913,-1.41452
2021-05-01,Kébili,46941.4,5,2021,56722.7,-0.172442,-0.900207
2021-06-01,Kébili,58189.3,6,2021,68482.1,-0.1503,-0.789073
2021-07-01,Kébili,49689.7,7,2021,48632.2,0.0217456,0.0744476
2021-08-01,Kébili,52470.1,8,2021,48809.4,0.0750004,0.34174
2021-09-01,Kébili,44723.8,9,2021,53603.6,-0.165656,-0.866148
2021-10-01,Kébili,52143.6,10,2021,64553.7,-0.192243,-0.999591
2021-11-01,Kébili,51106.1,11,2021,69749.9,-0.267295,-1.37629
2021-12-01,Kébili,61121.7,12,2021,61969.8,-0.0136863,-0.10339
2022-01-01,Kébili,51422.7,1,2022,60141.6,-0.144972,-0.762331
2022-02-01,Kébili,49972.2,2,2022,61478.7,-0.187163,-0.97409
2022-03-01,Kébili,52392.4,3,2022,53760.5,-0.0254488,-0.162427
2022-04-01,Kébili,59804.4,4,2022,51349.6,0.164653,0.791719
2022-05-01,Kébili,57660.5,5,2022,53149.7,0.0848696,0.391275
2022-06-01,Kébili,66246.7,6,2022,65796.3,0.00684596,-0.000335809
2022-07-01,Kébili,35853.5,7,2022,53244.2,-0.326622,-1.67406
2022-08-01,Kébili,39171.8,8,2022,53242.1,-0.26427,-1.3611
2022-09-01,Kébili,52239.4,9,2022,51098.4,0.0223285,0.0773729
2022-10-01,Kébili,59103.2,10,2022,62233.8,-0.0503032,-0.287175
2022-11-01,Kébili,61474.6,11,2022,66293.8,-0.0726946,-0.399561
2022-12-01,Kébili,57470.9,12,2022,63186.7,-0.0904584,-0.488719
2023-01-01,Kébili,57109.3,1,2023,58246.1,-0.0195161,-0.13265
2023-02-01,Kébili,66501.8,2,2023,55968.9,0.188194,0.909872
2023-03-01,Kébili,52601.4,3,2023,53690.8,-0.0202893,-0.136531
2023-04-01,Kébili,57770.5,4,2023,52027.6,0.110382,0.519326
2023-05-01,Kébili,62695.2,5,2023,51471.5,0.218057,1.05976
2023-06-01,Kébili,72946.3,6,2023,63563.1,0.14762,0.706229
2023-07-01,Kébili,54731,7,2023,46951.7,0.165687,0.796907
2023-08-01,Kébili,46309.5,8,2023,50862.9,-0.0895225,-0.484022
2023-09-01,Kébili,54077.8,9,2023,50485.6,0.0711524,0.322427
2023-10-01,Kébili,68453.8,10,2023,59116.9,0.157938,0.758017
2023-11-01,Kébili,71109.3,11,2023,63082.2,0.127247,0.603975
2023-12-01,Kébili,57157.9,12,2023,63291.1,-0.0969038,-0.52107
2024-01-01,Kébili,72710.7,1,2024,53045.6,0.370721,1.826
2024-02-01,Kébili,64340.8,2,2024,56689.2,0.134973,0.642753
2024-03-01,Kébili,63388.2,3,2024,50095.2,0.265356,1.29716
2024-04-01,Kébili,54651.8,4,2024,53067.1,0.0298612,0.115181
2024-05-01,Kébili,49812.6,5,2024,55765.7,-0.106752,-0.570499
2024-06-04,Kébili,66253.3,6,2024,65794.1,0.00697978,0.000335809
2024-07-01,Kébili,55312,7,2024,46758.1,0.182941,0.883506
2024-08-01,Kébili,60946.7,8,2024,45983.8,0.325395,1.59851
2024-09-01,Kébili,54493.7,9,2024,50347,0.0823616,0.378687
2024-10-01,Kébili,66103.9,10,2024,59900.2,0.103568,0.485124
2024-11-01,Kébili,76665.9,11,2024,61230,0.252098,1.23062
2024-12-01,Kébili,71280.6,12,2024,58583.5,0.216734,1.05312
2021-01-01,Mahdia,19113.2,1,2021,23360.7,-0.181826,-1.20879
2021-02-01,Mahdia,19236.5,2,2021,23105.7,-0.167458,-1.118
2021-03-01,Mahdia,17817.6,3,2021,22170.2,-0.196325,-1.30042
2021-04-01,Mahdia,17208.7,4,2021,23158,-0.256898,-1.6832
2021-05-01,Mahdia,19673.2,5,2021,21174.4,-0.0708989,-0.507818
2021-06-01,Mahdia,22106.5,6,2021,25404.1,-0.129803,-0.880051
2021-07-01,Mahdia,19019.9,7,2021,20695.1,-0.0809487,-0.571325
2021-08-01,Mahdia,18333.7,8,2021,21955.8,-0.164974,-1.10231
2021-09-01,Mahdia,17436.9,9,2021,21170,-0.17634,-1.17413
2021-10-01,Mahdia,18831.6,10,2021,23752.9,-0.207186,-1.36906
2021-11-01,Mahdia,19133.6,11,2021,24199.9,-0.209353,-1.38275
2021-12-01,Mahdia,22332.7,12,2021,22429.9,-0.00433393,-0.0871755
2022-01-01,Mahdia,19501,1,2022,23231.5,-0.160578,-1.07453
2022-02-01,Mahdia,21183.7,2,2022,22456.6,-0.0566859,-0.418002
2022-03-01,Mahdia,18962,3,2022,21788.7,-0.129735,-0.879621
2022-04-01,Mahdia,21065.7,4,2022,21872.3,-0.0368806,-0.292847
2022-05-01,Mahdia,21529.2,5,2022,20555.7,0.0473588,0.239485
2022-06-01,Mahdia,24382.5,6,2022,24645.4,-0.0106685,-0.127205
2022-07-01,Mahdia,17611.3,7,2022,21164.7,-0.167893,-1.12075
2022-08-01,Mahdia,19314.6,8,2022,21628.8,-0.106994,-0.735914
2022-09-01,Mahdia,20176.2,9,2022,20256.9,-0.0039875,-0.0849863
2022-10-01,Mahdia,22907.4,10,2022,22394.3,0.02291,0.0849863
2022-11-01,Mahdia,22283.2,11,2022,23150.1,-0.0374472,-0.296427
2022-12-01,Mahdia,22295.5,12,2022,22442.3,-0.00653996,-0.101116
2023-01-01,Mahdia,24059.3,1,2023,21712,0.108109,0.623385
2023-02-01,Mahdia,23566.2,2,2023,21662.5,0.0878798,0.495549
2023-03-01,Mahdia,22907.4,3,2023,20473.6,0.118877,0.691427
2023-04-01,Mahdia,23610.3,4,2023,21024.1,0.123009,0.71754
2023-05-01,Mahdia,20287.8,5,2023,20969.6,-0.0325108,-0.265233
2023-06-01,Mahdia,26231.2,6,2023,24029.2,0.091637,0.519291
2023-07-01,Mahdia,22452.1,7,2023,19551.1,0.148385,0.877898
2023-08-01,Mahdia,22113.9,8,2023,20695.7,0.0685259,0.373246
2023-09-01,Mahdia,21283.5,9,2023,19887.8,0.0701784,0.383688
2023-10-01,Mahdia,24309.6,10,2023,21926.9,0.108668,0.626916
2023-11-01,Mahdia,25473.4,11,2023,22086.7,0.153338,0.909195
2023-12-01,Mahdia,21886.6,12,2023,22578.6,-0.0306506,-0.253478
2024-01-01,Mahdia,26521.9,1,2024,20891.2,0.269529,1.64344
2024-02-01,Mahdia,24567.3,2,2024,21328.8,0.151837,0.899715
2024-03-01,Mahdia,24641.2,3,2024,19895.7,0.238519,1.44748
2024-04-01,Mahdia,24798,4,2024,20628.2,0.202138,1.21758
2024-05-01,Mahdia,21706.2,5,2024,20496.7,0.0590086,0.313104
2024-06-04,Mahdia,25598.6,6,2024,24240.1,0.0560435,0.294366
2024-07-01,Mahdia,22022,7,2024,19694.4,0.118183,0.687045
2024-08-01,Mahdia,24438.8,8,2024,19920.7,0.226804,1.37345
2024-09-01,Mahdia,22050.4,9,2024,19632.2,0.123176,0.718592
2024-10-01,Mahdia,24041.7,10,2024,22016.2,0.091999,0.521579
2024-11-01,Mahdia,24843.2,11,2024,22296.7,0.11421,0.661937
2024-12-01,Mahdia,23107.6,12,2024,22171.6,0.0422175,0.206996
2021-01-01,Manouba,16689.5,1,2021,17342.4,-0.0376499,-0.329382
2021-02-01,Manouba,18671,2,2021,18759,-0.00468933,0.00560663
2021-03-01,Manouba,16203.6,3,2021,18619.7,-0.129757,-1.2655
2021-04-01,Manouba,17417.3,4,2021,19062.5,-0.0863049,-0.823878
2021-05-01,Manouba,18674.7,5,2021,18489.9,0.00999476,0.154846
2021-06-01,Manouba,19803.2,6,2021,19918.5,-0.00579263,-0.00560663
2021-07-01,Manouba,19068.8,7,2021,18177.8,0.0490172,0.551443
2021-08-01,Manouba,16440.1,8,2021,17912.1,-0.082179,-0.781944
2021-09-01,Manouba,17294.1,9,2021,17526.6,-0.0132661,-0.0815617
2021-10-01,Manouba,16117.1,10,2021,19512.6,-0.174018,-1.71534
2021-11-01,Manouba,16793.3,11,2021,19361.8,-0.132658,-1.29498
2021-12-01,Manouba,15948.6,12,2021,17965.9,-0.112282,-1.08789
2022-01-01,Manouba,15962.6,1,2022,17584.7,-0.0922448,-0.884247
2022-02-01,Manouba,18187.6,2,2022,18920.2,-0.0387215,-0.340272
2022-03-01,Manouba,16677.4,3,2022,18461.7,-0.0966476,-0.928993
2022-04-01,Manouba,18241.5,4,2022,18787.8,-0.0290738,-0.24222
2022-05-01,Manouba,17609.5,5,2022,18844.9,-0.0655566,-0.613007
2022-06-01,Manouba,19264.1,6,2022,20098.2,-0.0415024,-0.368536
2022-07-01,Manouba,17695.8,7,2022,18635.5,-0.0504263,-0.459232
2022-08-01,Manouba,16026,8,2022,18050.1,-0.112137,-1.08642
2022-09-01,Manouba,16474.2,9,2022,17799.9,-0.0744772,-0.703669
2022-10-01,Manouba,18475.5,10,2022,18726.5,-0.0134019,-0.0829416
2022-11-01,Manouba,17118.1,11,2022,19253.5,-0.110907,-1.07392
2022-12-01,Manouba,18431.8,12,2022,17138.2,0.0754838,0.820431
2023-01-01,Manouba,16971.1,1,2023,17248.5,-0.0160813,-0.110174
2023-02-01,Manouba,19005,2,2023,18647.7,0.0191636,0.248031
2023-03-01,Manouba,19101.4,3,2023,17653.7,0.0820031,0.886689
2023-04-01,Manouba,18917.9,4,2023,18562.3,0.019159,0.247984
2023-05-01,Manouba,18443.7,5,2023,18566.9,-0.00663485,-0.0141664
2023-06-01,Manouba,19967.4,6,2023,19863.8,0.00521685,0.106286
2023-07-01,Manouba,18007.3,7,2023,18531.6,-0.0282916,-0.234271
2023-08-01,Manouba,18381.5,8,2023,17265,0.0646712,0.710539
2023-09-01,Manouba,17932.5,9,2023,17313.8,0.0357357,0.416458
2023-10-01,Manouba,19960.1,10,2023,18231.6,0.0948047,1.01679
2023-11-01,Manouba,20506.1,11,2023,18124.1,0.131425,1.38898
2023-12-01,Manouba,16545.7,12,2023,17766.9,-0.0687353,-0.645312
2024-01-01,Manouba,19093.5,1,2024,16541.1,0.154308,1.62154
2024-02-01,Manouba,19084.4,2,2024,18621.2,0.0248763,0.306091
2024-03-01,Manouba,20080.2,3,2024,17327.5,0.158861,1.66782
2024-04-01,Manouba,20028,4,2024,18192.3,0.10091,1.07885
2024-05-01,Manouba,19416.4,5,2024,18242.6,0.0643436,0.70721
2024-06-04,Manouba,20524.1,6,2024,19678.2,0.0429855,0.490141
2024-07-01,Manouba,18830.3,7,2024,18257.3,0.0313837,0.372228
2024-08-01,Manouba,19328.8,8,2024,16949.2,0.140393,1.48012
2024-09-01,Manouba,18173.1,9,2024,17233.6,0.0545142,0.607311
2024-10-01,Manouba,20102.3,10,2024,18184.2,0.105481,1.1253
2024-11-01,Manouba,20461.1,11,2024,18139.2,0.128004,1.35421
2024-12-01,Manouba,18920.2,12,2024,16975.4,0.114566,1.21763
2021-01-01,Monastir,28368.4,1,2021,31789.8,-0.107626,-0.817867
2021-02-01,Monastir,26430.9,2,2021,31843.4,-0.169972,-1.29067
2021-03-01,Monastir,27761.9,3,2021,32061.4,-0.134101,-1.01864
2021-04-01,Monastir,26659.9,4,2021,32993.7,-0.191972,-1.4575
2021-05-01,Monastir,29182.3,5,2021,29478.2,-0.0100401,-0.0778217
2021-06-01,Monastir,30762.6,6,2021,32976.6,-0.0671402,-0.510841
2021-07-01,Monastir,27766.5,7,2021,29579.5,-0.0612925,-0.466495
2021-08-01,Monastir,26599.4,8,2021,31640,-0.159313,-1.20983
2021-09-01,Monastir,26770.5,9,2021,29341.9,-0.0876332,-0.66625
2021-10-01,Monastir,28741.7,10,2021,33073.5,-0.130975,-0.994933
2021-11-01,Monastir,28093.1,11,2021,32048.2,-0.123413,-0.937583
2021-12-01,Monastir,31154.7,12,2021,30934.8,0.0071068,0.0522123
2022-01-01,Monastir,27644.6,1,2022,32031,-0.136944,-1.0402
2022-02-01,Monastir,29549.4,2,2022,30803.9,-0.0407247,-0.310519
2022-03-01,Monastir,27758.1,3,2022,32062.7,-0.134257,-1.01982
2022-04-01,Monastir,29412.2,4,2022,32076.3,-0.0830552,-0.631533
2022-05-01,Monastir,29111.3,5,2022,29501.9,-0.013239,-0.10208
2022-06-01,Monastir,31504.8,6,2022,32729.2,-0.0374086,-0.285371
2022-07-01,Monastir,27119.4,7,2022,29795.2,-0.0898065,-0.682731
2022-08-01,Monastir,28788.9,8,2022,30910.2,-0.0686293,-0.522134
2022-09-01,Monastir,27897.7,9,2022,28966.1,-0.0368852,-0.281402
2022-10-01,Monastir,32571.6,10,2022,31796.9,0.0243629,0.183074
2022-11-01,Monastir,30054.8,11,2022,31394.3,-0.0426694,-0.325267
2022-12-01,Monastir,31794.9,12,2022,30721.4,0.0349425,0.263305
2023-01-01,Monastir,33142.5,1,2023,30198.4,0.0974911,0.737644
2023-02-01,Monastir,31984.9,2,2023,29992,0.0664455,0.502209
2023-03-01,Monastir,33757,3,2023,30063,0.122873,0.930129
2023-04-01,Monastir,34391.4,4,2023,30416.6,0.13068,0.989335
2023-05-01,Monastir,26792.2,5,2023,30274.9,-0.115035,-0.874053
2023-06-01,Monastir,33634.7,6,2023,32019.3,0.0504511,0.380914
2023-07-01,Monastir,31364.7,7,2023,28380.2,0.105163,0.795825
2023-08-01,Monastir,32903.2,8,2023,29538.8,0.113899,0.862076
2023-09-01,Monastir,29410.2,9,2023,28462,0.0333169,0.250977
2023-10-01,Monastir,33451.2,10,2023,31503.7,0.0618156,0.467098
2023-11-01,Monastir,34141,11,2023,30032.3,0.13681,1.03582
2023-12-01,Monastir,30834.7,12,2023,31041.5,-0.00666314,-0.0522123
2024-01-01,Monastir,34582.3,1,2024,29718.5,0.163662,1.23945
2024-02-01,Monastir,33995.9,2,2024,29321.7,0.159408,1.20719
2024-03-01,Monastir,34669.1,3,2024,29759,0.164997,1.24958
2024-04-01,Monastir,35177.6,4,2024,30154.5,0.166579,1.26158
2024-05-01,Monastir,32531.1,5,2024,28361.9,0.147,1.1131
2024-06-04,Monastir,33790.4,6,2024,31967.4,0.0570271,0.430784
2024-07-01,Monastir,30254.5,7,2024,28750.2,0.0523217,0.3951
2024-08-01,Monastir,33228,8,2024,29430.5,0.129035,0.976855
2024-09-01,Monastir,30717.6,9,2024,28026.2,0.0960345,0.726597
2024-10-01,Monastir,33197.9,10,2024,31588.2,0.0509594,0.38477
2024-11-01,Monastir,31948.9,11,2024,30762.9,0.038553,0.290685
2024-12-01,Monastir,30174.9,12,2024,31261.4,-0.0347552,-0.265249
2021-01-01,Médenine,33489.4,1,2021,41953.4,-0.201748,-1.69259
2021-02-01,Médenine,34374.5,2,2021,43247.7,-0.205171,-1.71755
2021-03-01,Médenine,32612.6,3,2021,42238.3,-0.227892,-1.88315
2021-04-01,Médenine,27882.7,4,2021,42355.4,-0.341697,-2.71263
2021-05-01,Médenine,34130.3,5,2021,40054.7,-0.147908,-1.30018
2021-06-01,Médenine,36981.1,6,2021,46099.1,-0.19779,-1.66375
2021-07-01,Médenine,35025.4,7,2021,37071.4,-0.0551913,-0.624392
2021-08-01,Médenine,35100.6,8,2021,40726.3,-0.138133,-1.22892
2021-09-01,Médenine,32081.8,9,2021,37424.4,-0.142756,-1.26262
2021-10-01,Médenine,38569.7,10,2021,44459.9,-0.132484,-1.18775
2021-11-01,Médenine,36301.8,11,2021,45714,-0.205893,-1.72281
2021-12-01,Médenine,41493.4,12,2021,41874.3,-0.00909503,-0.288412
2022-01-01,Médenine,34889,1,2022,41486.8,-0.159035,-1.38127
2022-02-01,Médenine,38433.5,2,2022,41894.7,-0.0826159,-0.824281
2022-03-01,Médenine,39100.4,3,2022,40075.7,-0.0243363,-0.3995
2022-04-01,Médenine,41502.3,4,2022,37815.5,0.0974944,0.488483
2022-05-01,Médenine,39753.3,5,2022,38180.3,0.0411997,0.0781695
2022-06-01,Médenine,44756.4,6,2022,43507.3,0.0287101,-0.0128627
2022-07-01,Médenine,30650.3,7,2022,38529.7,-0.204501,-1.71266
2022-08-01,Médenine,35406.9,8,2022,40624.2,-0.128427,-1.15818
2022-09-01,Médenine,37190.7,9,2022,35721.4,0.0411306,0.0776662
2022-10-01,Médenine,41127.7,10,2022,43607.2,-0.0568595,-0.636551
2022-11-01,Médenine,42657.8,11,2022,43595.3,-0.021506,-0.378871
2022-12-01,Médenine,40708.2,12,2022,42136.1,-0.0338872,-0.469114
2023-01-01,Médenine,42308.9,1,2023,39013.5,0.0844672,0.393532
2023-02-01,Médenine,45329.8,2,2023,39595.9,0.14481,0.833349
2023-03-01,Médenine,41456.6,3,2023,39290.3,0.0551349,0.179738
2023-04-01,Médenine,42056.9,4,2023,37630.6,0.117623,0.635196
2023-05-01,Médenine,40838,5,2023,37818.8,0.0798357,0.359774
2023-06-01,Médenine,49227.9,6,2023,42016.8,0.171623,1.02878
2023-07-01,Médenine,42256.4,7,2023,34661,0.219134,1.37507
2023-08-01,Médenine,40263,8,2023,39005.5,0.0322397,0.0128627
2023-09-01,Médenine,38632.5,9,2023,35240.9,0.0962405,0.479344
2023-10-01,Médenine,46772.4,10,2023,41725.6,0.12095,0.659446
2023-11-01,Médenine,47266.7,11,2023,42059,0.123818,0.680349
2023-12-01,Médenine,39744.2,12,2023,42457.4,-0.0639037,-0.687894
2024-01-01,Médenine,48662.2,1,2024,36895.7,0.318912,2.10232
2024-02-01,Médenine,45979.7,2,2024,39379.2,0.167613,0.999553
2024-03-01,Médenine,46158,3,2024,37723.2,0.223597,1.4076
2024-04-01,Médenine,43506.9,4,2024,37147.3,0.171201,1.0257
2024-05-01,Médenine,39572.7,5,2024,38240.5,0.0348353,0.0317814
2024-06-04,Médenine,44312.9,6,2024,43655.1,0.0150682,-0.112294
2024-07-01,Médenine,38307.3,7,2024,35977.4,0.0647623,0.249909
2024-08-01,Médenine,46508.8,8,2024,36923.5,0.259599,1.67001
2024-09-01,Médenine,36450.1,9,2024,35968.3,0.0133931,-0.124504
2024-10-01,Médenine,45479.5,10,2024,42156.6,0.0788244,0.352404
2024-11-01,Médenine,47217.5,11,2024,42075.4,0.122211,0.668632
2024-12-01,Médenine,45170.5,12,2024,40648.6,0.111244,0.588697
2021-01-01,Nabeul,37253.4,1,2021,42866.8,-0.130952,-0.796982
2021-02-01,Nabeul,38935.8,2,2021,44087.5,-0.116853,-0.705213
2021-03-01,Nabeul,35845.4,3,2021,43106.7,-0.168449,-1.04106
2021-04-01,Nabeul,36849.1,4,2021,45050,-0.182039,-1.12952
2021-05-01,Nabeul,41433.3,5,2021,42566.4,-0.0266202,-0.117875
2021-06-01,Nabeul,44173.4,6,2021,47905.8,-0.0779104,-0.45173
2021-07-01,Nabeul,41420,7,2021,43553,-0.048975,-0.263386
2021-08-01,Nabeul,38226,8,2021,45222.2,-0.154707,-0.95161
2021-09-01,Nabeul,39110.4,9,2021,43386.1,-0.0985503,-0.586078
2021-10-01,Nabeul,35812.9,10,2021,45926.6,-0.220213,-1.378
2021-11-01,Nabeul,36389.4,11,2021,46200.9,-0.212366,-1.32692
2021-12-01,Nabeul,39553.4,12,2021,44352.3,-0.108199,-0.648884
2022-01-01,Nabeul,37849.8,1,2022,42668,-0.112924,-0.679637
2022-02-01,Nabeul,39776.2,2,2022,43807.4,-0.0920214,-0.54358
2022-03-01,Nabeul,36454.9,3,2022,42903.5,-0.150305,-0.922953
2022-04-01,Nabeul,41477.9,4,2022,43507,-0.0466392,-0.248182
2022-05-01,Nabeul,40537.2,5,2022,42865.1,-0.0543073,-0.298095
2022-06-01,Nabeul,44750.8,6,2022,47713.4,-0.0620906,-0.348757
2022-07-01,Nabeul,39324.5,7,2022,44251.6,-0.111342,-0.669344
2022-08-01,Nabeul,40249.5,8,2022,44547.7,-0.0964851,-0.572635
2022-09-01,Nabeul,40178.6,9,2022,43030,-0.0662652,-0.37593
2022-10-01,Nabeul,43674.9,10,2022,43306,0.00851861,0.110848
2022-11-01,Nabeul,41999.6,11,2022,44330.9,-0.0525889,-0.286909
2022-12-01,Nabeul,44372.4,12,2022,42745.9,0.038049,0.303065
2023-01-01,Nabeul,42439.5,1,2023,41138.1,0.0316332,0.261304
2023-02-01,Nabeul,44916,2,2023,42094.1,0.0670379,0.491758
2023-03-01,Nabeul,46462.1,3,2023,39567.8,0.174241,1.18956
2023-04-01,Nabeul,47049.6,4,2023,41649.8,0.129649,0.899299
2023-05-01,Nabeul,41468,5,2023,42554.8,-0.0255406,-0.110848
2023-06-01,Nabeul,49314,6,2023,46192.3,0.0675815,0.495296
2023-07-01,Nabeul,45196,7,2023,42294.4,0.0686063,0.501967
2023-08-01,Nabeul,45695.7,8,2023,42732.3,0.0693478,0.506793
2023-09-01,Nabeul,43162.2,9,2023,42035.5,0.0268053,0.229878
2023-10-01,Nabeul,46840.3,10,2023,42250.8,0.108625,0.762455
2023-11-01,Nabeul,49530.2,11,2023,41820.7,0.184347,1.25534
2023-12-01,Nabeul,41639.6,12,2023,43656.8,-0.0462056,-0.245359
2024-01-01,Nabeul,48311.3,1,2024,39180.9,0.233032,1.57223
2024-02-01,Nabeul,47570.4,2,2024,41209.3,0.15436,1.06015
2024-03-01,Nabeul,46403,3,2024,39587.5,0.172164,1.17604
2024-04-01,Nabeul,46622.4,4,2024,41792.2,0.115575,0.807693
2024-05-01,Nabeul,45694,5,2024,41146.1,0.11053,0.774855
2024-06-04,Nabeul,49652.6,6,2024,46079.4,0.0775437,0.560142
2024-07-01,Nabeul,46138.6,7,2024,41980.2,0.0990569,0.700174
2024-08-01,Nabeul,49721.4,8,2024,41390.4,0.201278,1.36555
2024-09-01,Nabeul,46817.4,9,2024,40817.1,0.147005,1.01228
2024-10-01,Nabeul,47264.6,10,2024,42109.4,0.122425,0.85228
2024-11-01,Nabeul,47073,11,2024,42639.7,0.103971,0.732162
2024-12-01,Nabeul,47044.8,12,2024,41855.1,0.12399,0.862468
2021-01-01,Sfax,58587.6,1,2021,66996.8,-0.125516,-0.850242
2021-02-01,Sfax,59857,2,2021,67976.8,-0.119449,-0.808392
2021-03-01,Sfax,54588.4,3,2021,66030.8,-0.173289,-1.17977
2021-04-01,Sfax,47526.2,4,2021,67025.8,-0.290927,-1.9912
2021-05-01,Sfax,59227.3,5,2021,63583.7,-0.0685148,-0.45706
2021-06-01,Sfax,66840.1,6,2021,72469.7,-0.0776816,-0.52029
2021-07-01,Sfax,56325.1,7,2021,61739.5,-0.0876964,-0.589369
2021-08-01,Sfax,54667.1,8,2021,62246.6,-0.121766,-0.824369
2021-09-01,Sfax,53518.7,9,2021,60002,-0.108051,-0.729767
2021-10-01,Sfax,57174.8,10,2021,68346.5,-0.163457,-1.11195
2021-11-01,Sfax,61393.9,11,2021,70218.3,-0.125671,-0.851307
2021-12-01,Sfax,66526.1,12,2021,66641.5,-0.00173194,0.00359094
2022-01-01,Sfax,57036,1,2022,67514,-0.155198,-1.05497
2022-02-01,Sfax,62932.1,2,2022,66951.8,-0.0600386,-0.398593
2022-03-01,Sfax,56574.7,3,2022,65368.7,-0.134529,-0.912405
2022-04-01,Sfax,60350.1,4,2022,62751.1,-0.0382622,-0.248385
2022-05-01,Sfax,63841.8,5,2022,62045.5,0.0289519,0.21524
2022-06-01,Sfax,69191.7,6,2022,71685.8,-0.0347922,-0.22445
2022-07-01,Sfax,53722.3,7,2022,62607.1,-0.141913,-0.963339
2022-08-01,Sfax,54840.8,8,2022,62188.7,-0.118155,-0.799467
2022-09-01,Sfax,54554.8,9,2022,59656.6,-0.0855202,-0.574359
2022-10-01,Sfax,63630.9,10,2022,66194.4,-0.0387281,-0.251599
2022-11-01,Sfax,65523.3,11,2022,68841.9,-0.0482057,-0.316973
2022-12-01,Sfax,66474,12,2022,66658.9,-0.00277314,-0.00359094
2023-01-01,Sfax,66434.7,1,2023,64381,0.0318983,0.235563
2023-02-01,Sfax,68542.2,2,2023,65081.7,0.0531714,0.3823
2023-03-01,Sfax,68318.7,3,2023,61454,0.111705,0.786047
2023-04-01,Sfax,69606.1,4,2023,59665.8,0.166599,1.16469
2023-05-01,Sfax,61415.2,5,2023,62854.4,-0.0228974,-0.142403
2023-06-01,Sfax,74684.9,6,2023,69854.8,0.0691453,0.492483
2023-07-01,Sfax,64315.6,7,2023,59076,0.0886939,0.627325
2023-08-01,Sfax,63028.5,8,2023,59459.5,0.0600248,0.429572
2023-09-01,Sfax,62454.8,9,2023,57023.3,0.0952514,0.672556
2023-10-01,Sfax,71254.6,10,2023,63653.2,0.119419,0.839256
2023-11-01,Sfax,74120.2,11,2023,65976.2,0.123437,0.866975
2023-12-01,Sfax,65541.5,12,2023,66969.7,-0.0213266,-0.131568
2024-01-01,Sfax,77519.6,1,2024,60686.1,0.277388,1.92888
2024-02-01,Sfax,72456.1,2,2024,63777.1,0.136083,0.954203
2024-03-01,Sfax,73199,3,2024,59827.3,0.223505,1.55722
2024-04-01,Sfax,71121.1,4,2024,59160.8,0.202166,1.41003
2024-05-01,Sfax,65494.1,5,2024,61494.8,0.0650347,0.46413
2024-06-04,Sfax,73532.4,6,2024,70238.9,0.0468905,0.338976
2024-07-01,Sfax,67180.4,7,2024,58121,0.155871,1.09069
2024-08-01,Sfax,68870.5,8,2024,57512.1,0.197495,1.37781
2024-09-01,Sfax,62996.3,9,2024,56842.8,0.108256,0.762256
2024-10-01,Sfax,70154,10,2024,64020.1,0.0958123,0.676425
2024-11-01,Sfax,71011.5,11,2024,67012.5,0.0596761,0.427168
2024-12-01,Sfax,67909,12,2024,66180.5,0.0261182,0.195694
2021-01-01,Sidi Bouzid,30053.3,1,2021,35617,-0.156208,-1.09617
2021-02-01,Sidi Bouzid,32391.2,2,2021,36193,-0.105043,-0.736248
2021-03-01,Sidi Bouzid,26308.7,3,2021,32890.2,-0.200103,-1.40495
2021-04-01,Sidi Bouzid,26247.5,4,2021,34293.5,-0.234623,-1.64778
2021-05-01,Sidi Bouzid,30064.6,5,2021,32492.2,-0.0747146,-0.522901
2021-06-01,Sidi Bouzid,35553.2,6,2021,38719.3,-0.0817703,-0.572534
2021-07-01,Sidi Bouzid,30186,7,2021,28560.6,0.0569104,0.403017
2021-08-01,Sidi Bouzid,29819.7,8,2021,29346.5,0.0161217,0.116089
2021-09-01,Sidi Bouzid,26821.9,9,2021,30418.4,-0.118235,-0.829043
2021-10-01,Sidi Bouzid,30369.2,10,2021,36166.7,-0.160299,-1.12494
2021-11-01,Sidi Bouzid,30942.9,11,2021,38153.2,-0.188982,-1.32672
2021-12-01,Sidi Bouzid,35674.1,12,2021,36043.5,-0.0102491,-0.0694176
2022-01-01,Sidi Bouzid,30429.3,1,2022,35491.7,-0.142637,-1.0007
2022-02-01,Sidi Bouzid,31879,2,2022,36363.8,-0.12333,-0.864888
2022-03-01,Sidi Bouzid,28070.2,3,2022,32303,-0.131034,-0.91908
2022-04-01,Sidi Bouzid,33026.1,4,2022,32034,0.0309694,0.220535
2022-05-01,Sidi Bouzid,32901.4,5,2022,31546.6,0.0429438,0.304769
2022-06-01,Sidi Bouzid,36691.9,6,2022,38339.7,-0.0429799,-0.299662
2022-07-01,Sidi Bouzid,23008.2,7,2022,30953.2,-0.256677,-1.80292
2022-08-01,Sidi Bouzid,24769.4,8,2022,31029.9,-0.201757,-1.41658
2022-09-01,Sidi Bouzid,29157.9,9,2022,29639.7,-0.0162555,-0.111669
2022-10-01,Sidi Bouzid,33811.8,10,2022,35019.1,-0.0344756,-0.239839
2022-11-01,Sidi Bouzid,34497.9,11,2022,36968.2,-0.0668202,-0.467367
2022-12-01,Sidi Bouzid,34713.1,12,2022,36363.9,-0.0453957,-0.316656
2023-01-01,Sidi Bouzid,33932.6,1,2023,34323.9,-0.0114,-0.0775133
2023-02-01,Sidi Bouzid,38302.9,2,2023,34222.5,0.119233,0.841427
2023-03-01,Sidi Bouzid,32841.8,3,2023,30712.5,0.0693325,0.490401
2023-04-01,Sidi Bouzid,34011.4,4,2023,31705.6,0.0727264,0.514275
2023-05-01,Sidi Bouzid,32463.7,5,2023,31692.5,0.0243316,0.173841
2023-06-01,Sidi Bouzid,40342.3,6,2023,37122.9,0.0867229,0.612734
2023-07-01,Sidi Bouzid,28529.1,7,2023,29112.9,-0.0200512,-0.13837
2023-08-01,Sidi Bouzid,28044.3,8,2023,29938.3,-0.0632626,-0.442341
2023-09-01,Sidi Bouzid,29893.7,9,2023,29394.4,0.0169835,0.122151
2023-10-01,Sidi Bouzid,36678.1,10,2023,34063.7,0.0767498,0.542578
2023-11-01,Sidi Bouzid,39881.1,11,2023,35173.8,0.13383,0.944112
2023-12-01,Sidi Bouzid,33548,12,2023,36752.3,-0.0871862,-0.610632
2024-01-01,Sidi Bouzid,42489.2,1,2024,31471.7,0.350073,2.46527
2024-02-01,Sidi Bouzid,38397.2,2,2024,34191,0.123019,0.868057
2024-03-01,Sidi Bouzid,37758.4,3,2024,29073.6,0.298719,2.10402
2024-04-01,Sidi Bouzid,35843.1,4,2024,31095,0.152699,1.07684
2024-05-01,Sidi Bouzid,32111.6,5,2024,31809.9,0.00948714,0.0694176
2024-06-04,Sidi Bouzid,39123.7,6,2024,37529.1,0.0424875,0.301559
2024-07-01,Sidi Bouzid,34144.4,7,2024,27241.1,0.253416,1.78533
2024-08-01,Sidi Bouzid,35225.8,8,2024,27544.5,0.278871,1.9644
2024-09-01,Sidi Bouzid,32203.6,9,2024,28624.5,0.125036,0.882249
2024-10-01,Sidi Bouzid,38010.1,10,2024,33619.7,0.13059,0.921315
2024-11-01,Sidi Bouzid,40080.5,11,2024,35107.3,0.141656,0.999161
2024-12-01,Sidi Bouzid,39869.5,12,2024,34645.1,0.1508,1.06348
2021-01-01,Siliana,14302.4,1,2021,16741.2,-0.145671,-0.907738
2021-02-01,Siliana,17399,2,2021,16517.9,0.0533472,0.198371
2021-03-01,Siliana,12790.4,3,2021,15615.7,-0.180928,-1.10369
2021-04-01,Siliana,13478.6,4,2021,16165.5,-0.166211,-1.0219
2021-05-01,Siliana,14497.7,5,2021,16318.6,-0.111587,-0.718301
2021-06-01,Siliana,18661.2,6,2021,20337.9,-0.0824418,-0.556319
2021-07-01,Siliana,15820.9,7,2021,14711.9,0.0753785,0.320817
2021-08-01,Siliana,15181.1,8,2021,14383,0.0554932,0.210298
2021-09-01,Siliana,13267.5,9,2021,14798.1,-0.103433,-0.672985
2021-10-01,Siliana,14006.1,10,2021,17436.9,-0.196756,-1.19166
2021-11-01,Siliana,14293.1,11,2021,18423.4,-0.224186,-1.34411
2021-12-01,Siliana,15580.9,12,2021,16931.4,-0.0797627,-0.541429
2022-01-01,Siliana,14050.8,1,2022,16825,-0.16489,-1.01455
2022-02-01,Siliana,14003,2,2022,17649.9,-0.206622,-1.24649
2022-03-01,Siliana,12730.8,3,2022,15635.5,-0.185778,-1.13064
2022-04-01,Siliana,15672.8,4,2022,15434.1,0.0154664,-0.0121633
2022-05-01,Siliana,16313.5,5,2022,15713.4,0.0381934,0.114149
2022-06-01,Siliana,19544,6,2022,20043.7,-0.0249299,-0.236678
2022-07-01,Siliana,10224.1,7,2022,16577.5,-0.38325,-2.22816
2022-08-01,Siliana,11685.4,8,2022,15548.2,-0.248442,-1.47892
2022-09-01,Siliana,13567.2,9,2022,14698.2,-0.0769458,-0.525774
2022-10-01,Siliana,15606.9,10,2022,16903.3,-0.076695,-0.52438
2022-11-01,Siliana,15612.2,11,2022,17983.7,-0.131874,-0.831056
2022-12-01,Siliana,16402.6,12,2022,16657.5,-0.0153036,-0.183178
2023-01-01,Siliana,15967.1,1,2023,16186.3,-0.0135375,-0.173362
2023-02-01,Siliana,18278.8,2,2023,16224.6,0.126607,0.605537
2023-03-01,Siliana,15575.1,3,2023,14687.5,0.0604324,0.23775
2023-04-01,Siliana,16007.4,4,2023,15322.6,0.0446924,0.15027
2023-05-01,Siliana,18424.4,5,2023,15009.7,0.227495,1.16625
2023-06-01,Siliana,21256.1,6,2023,19473,0.0915667,0.410788
2023-07-01,Siliana,16116.2,7,2023,14613.4,0.102837,0.473425
2023-08-01,Siliana,14139.4,8,2023,14730.2,-0.0401083,-0.321037
2023-09-01,Siliana,15304.9,9,2023,14118.9,0.0840038,0.368755
2023-10-01,Siliana,18451,10,2023,15955.3,0.156418,0.771219
2023-11-01,Siliana,19515.7,11,2023,16682.6,0.169824,0.845726
2023-12-01,Siliana,14861.8,12,2023,17171.1,-0.134492,-0.845607
2024-01-01,Siliana,20205.6,1,2024,14773.5,0.367694,1.94546
2024-02-01,Siliana,17271.8,2,2024,16560.3,0.0429654,0.140671
2024-03-01,Siliana,18541.2,3,2024,13698.7,0.353496,1.86654
2024-04-01,Siliana,16816.3,4,2024,15053,0.117145,0.552948
2024-05-01,Siliana,14218,5,2024,16411.9,-0.133675,-0.841062
2024-06-04,Siliana,20213.8,6,2024,19820.4,0.0198434,0.0121633
2024-07-01,Siliana,17795.3,7,2024,14053.7,0.266232,1.38155
2024-08-01,Siliana,17324.1,8,2024,13668.6,0.267436,1.38824
2024-09-01,Siliana,15522.1,9,2024,14046.5,0.105046,0.485702
2024-10-01,Siliana,18252.9,10,2024,16021.3,0.139285,0.675997
2024-11-01,Siliana,20142.4,11,2024,16473.7,0.222705,1.13963
2024-12-01,Siliana,19529.9,12,2024,15615.1,0.250706,1.29526
2021-01-01,Sousse,42014.4,1,2021,48260.7,-0.129428,-1.08623
2021-02-01,Sousse,41727.5,2,2021,48846.5,-0.145743,-1.21538
2021-03-01,Sousse,40568.2,3,2021,48265.1,-0.159471,-1.32405
2021-04-01,Sousse,37704.6,4,2021,49598.5,-0.239803,-1.95995
2021-05-01,Sousse,42448.4,5,2021,45885.5,-0.074906,-0.654634
2021-06-01,Sousse,46827.8,6,2021,51590.9,-0.0923231,-0.792507
2021-07-01,Sousse,42273.3,7,2021,44509.3,-0.0502361,-0.45935
2021-08-01,Sousse,40538.3,8,2021,47613.5,-0.148596,-1.23796
2021-09-01,Sousse,41145.1,9,2021,45586.9,-0.0974355,-0.832977
2021-10-01,Sousse,42190.9,10,2021,50211.4,-0.159735,-1.32613
2021-11-01,Sousse,42963.1,11,2021,48983.5,-0.122907,-1.03461
2021-12-01,Sousse,45228.1,12,2021,47602.9,-0.0498871,-0.456587
2022-01-01,Sousse,43356.6,1,2022,47813.3,-0.0932099,-0.799527
2022-02-01,Sousse,45102.8,2,2022,47721.4,-0.0548726,-0.496052
2022-03-01,Sousse,40705.5,3,2022,48219.3,-0.155827,-1.2952
2022-04-01,Sousse,46044.4,4,2022,46818.6,-0.0165371,-0.192592
2022-05-01,Sousse,44470.4,5,2022,45211.5,-0.0163922,-0.191445
2022-06-01,Sousse,49587.5,6,2022,50671,-0.0213817,-0.230941
2022-07-01,Sousse,40082.2,7,2022,45239.7,-0.114004,-0.96413
2022-08-01,Sousse,43528,8,2022,46616.9,-0.0662615,-0.586205
2022-09-01,Sousse,43313.9,9,2022,44864,-0.0345518,-0.335194
2022-10-01,Sousse,48789.8,10,2022,48011.7,0.0162051,0.0665932
2022-11-01,Sousse,46616.3,11,2022,47765.7,-0.0240639,-0.252173
2022-12-01,Sousse,49048.5,12,2022,46329.4,0.0586904,0.402903
2023-01-01,Sousse,49326,1,2023,45823.5,0.0764349,0.543367
2023-02-01,Sousse,50670.6,2,2023,45865.5,0.104764,0.767619
2023-03-01,Sousse,52302.9,3,2023,44353.5,0.179228,1.35707
2023-04-01,Sousse,51378.1,4,2023,45040.7,0.140702,1.0521
2023-05-01,Sousse,45005.3,5,2023,45033.2,-0.00062001,-0.0665932
2023-06-01,Sousse,52388.6,6,2023,49737.3,0.0533071,0.360289
2023-07-01,Sousse,47531.8,7,2023,42756.5,0.111687,0.822421
2023-08-01,Sousse,48313.6,8,2023,45021.8,0.0731165,0.517098
2023-09-01,Sousse,46281.2,9,2023,43874.9,0.0548427,0.372445
2023-10-01,Sousse,50763.7,10,2023,47353.8,0.0720097,0.508337
2023-11-01,Sousse,51338.5,11,2023,46191.7,0.111422,0.820323
2023-12-01,Sousse,44133.9,12,2023,47967.6,-0.0799228,-0.694347
2024-01-01,Sousse,52099.5,1,2024,44899,0.16037,1.20779
2024-02-01,Sousse,50766.2,2,2024,45833.6,0.10762,0.790222
2024-03-01,Sousse,51786.9,3,2024,44525.5,0.163083,1.22927
2024-04-01,Sousse,51373.2,4,2024,45042.4,0.140552,1.05091
2024-05-01,Sousse,48180.8,5,2024,43974.7,0.095649,0.695464
2024-06-04,Sousse,52796.4,6,2024,49601.3,0.0644159,0.448226
2024-07-01,Sousse,45913.9,7,2024,43295.8,0.0604705,0.416994
2024-08-01,Sousse,50998.9,8,2024,44126.6,0.15574,1.17114
2024-09-01,Sousse,47165.8,9,2024,43580.1,0.0822784,0.589623
2024-10-01,Sousse,51080.6,10,2024,47248.1,0.0811149,0.580413
2024-11-01,Sousse,48995.7,11,2024,46972.6,0.043069,0.279245
2024-12-01,Sousse,49626.2,12,2024,46136.8,0.0756311,0.537004
2021-01-01,Tataouine,86357.5,1,2021,89924.3,-0.0396649,-0.124086
2021-02-01,Tataouine,85699,2,2021,95473.3,-0.102377,-0.495219
2021-03-01,Tataouine,82179.9,3,2021,88828.7,-0.0748491,-0.332306
2021-04-01,Tataouine,76751.6,4,2021,92215.2,-0.167691,-0.881746
2021-05-01,Tataouine,82913.5,5,2021,88809.5,-0.0663887,-0.282237
2021-06-01,Tataouine,95183.7,6,2021,99686.7,-0.0451708,-0.156669
2021-07-01,Tataouine,86339.5,7,2021,69648.8,0.239641,1.52885
2021-08-01,Tataouine,90870.2,8,2021,78020.3,0.164698,1.08534
2021-09-01,Tataouine,81934.5,9,2021,86306.7,-0.0506589,-0.189148
2021-10-01,Tataouine,91781.9,10,2021,102952,-0.108494,-0.531419
2021-11-01,Tataouine,89752.5,11,2021,104538,-0.141436,-0.726366
2021-12-01,Tataouine,100930,12,2021,93239.1,0.0824834,0.598789
2022-01-01,Tataouine,75083.8,1,2022,93682.2,-0.198526,-1.06423
2022-02-01,Tataouine,84142.8,2,2022,95992,-0.12344,-0.619865
2022-03-01,Tataouine,89009.1,3,2022,86552.3,0.0283861,0.278641
2022-04-01,Tataouine,103201,4,2022,83398.7,0.237444,1.51585
2022-05-01,Tataouine,92082.9,5,2022,85753,0.0738156,0.547493
2022-06-01,Tataouine,96692.2,6,2022,99183.8,-0.0251209,-0.0380139
2022-07-01,Tataouine,47275.7,7,2022,82670.1,-0.42814,-2.42308
2022-08-01,Tataouine,63969.9,8,2022,86987.1,-0.264605,-1.45528
2022-09-01,Tataouine,84384.8,9,2022,85489.9,-0.0129276,0.0341459
2022-10-01,Tataouine,88159.5,10,2022,104159,-0.153606,-0.798392
2022-11-01,Tataouine,89381,11,2022,104662,-0.146,-0.753379
2022-12-01,Tataouine,85032.3,12,2022,98538.3,-0.137063,-0.70049
2023-01-01,Tataouine,87388.8,1,2023,89580.6,-0.0244673,-0.0341459
2023-02-01,Tataouine,99229.9,2,2023,90963,0.0908819,0.648492
2023-03-01,Tataouine,80983.3,3,2023,89227.5,-0.0923959,-0.436148
2023-04-01,Tataouine,88397.4,4,2023,88333.3,0.000725536,0.114946
2023-05-01,Tataouine,93793.8,5,2023,85182.7,0.10109,0.708903
2023-06-01,Tataouine,106736,6,2023,95836.1,0.113731,0.78371
2023-07-01,Tataouine,75677.5,7,2023,73202.8,0.033806,0.310716
2023-08-01,Tataouine,72199.7,8,2023,84243.8,-0.142967,-0.735429
2023-09-01,Tataouine,87904.1,9,2023,84316.8,0.0425456,0.362437
2023-10-01,Tataouine,109857,10,2023,96926.4,0.13341,0.900175
2023-11-01,Tataouine,109606,11,2023,97920,0.119342,0.81692
2023-12-01,Tataouine,88120.5,12,2023,97508.9,-0.0962829,-0.459151
2024-01-01,Tataouine,107300,1,2024,82943.3,0.293659,1.84853
2024-02-01,Tataouine,103047,2,2024,89690.6,0.148919,0.991956
2024-03-01,Tataouine,96493.6,3,2024,84057.4,0.147948,0.986209
2024-04-01,Tataouine,85047.1,4,2024,89450,-0.0492222,-0.180646
2024-05-01,Tataouine,80551.7,5,2024,89596.8,-0.100953,-0.48679
2024-06-04,Tataouine,95632.2,6,2024,99537.2,-0.0392312,-0.121519
2024-07-01,Tataouine,85993.3,7,2024,69764.3,0.232626,1.48734
2024-08-01,Tataouine,97891.4,8,2024,75679.9,0.293493,1.84754
2024-09-01,Tataouine,86631.2,9,2024,84741.1,0.0223041,0.242648
2024-10-01,Tataouine,110838,10,2024,96599.6,0.147394,0.982929
2024-11-01,Tataouine,114626,11,2024,96246.5,0.190968,1.2408
2024-12-01,Tataouine,106565,12,2024,91360.9,0.166414,1.09549
2021-01-01,Tozeur,18882.3,1,2021,21935.4,-0.139184,-0.96983
2021-02-01,Tozeur,21051.9,2,2021,21282.1,-0.0108154,-0.104433
2021-03-01,Tozeur,17786.8,3,2021,19461.3,-0.0860407,-0.611563
2021-04-01,Tozeur,16993.9,4,2021,20608.1,-0.175381,-1.21385
2021-05-01,Tozeur,18139.1,5,2021,20199.6,-0.102006,-0.719192
2021-06-01,Tozeur,21702.6,6,2021,23733.7,-0.0855801,-0.608458
2021-07-01,Tozeur,19212,7,2021,17492,0.0983349,0.631403
2021-08-01,Tozeur,19239.9,8,2021,18260.8,0.0536171,0.329938
2021-09-01,Tozeur,17295.6,9,2021,19349.5,-0.106144,-0.747088
2021-10-01,Tozeur,19776,10,2021,22578.4,-0.124121,-0.868281
2021-11-01,Tozeur,18909.2,11,2021,23270.5,-0.187416,-1.29499
2021-12-01,Tozeur,21871.4,12,2021,21497.6,0.0173865,0.0856899
2022-01-01,Tozeur,19387.1,1,2022,21767.1,-0.10934,-0.768634
2022-02-01,Tozeur,18609.8,2,2022,22096.2,-0.157782,-1.09521
2022-03-01,Tozeur,17460.5,3,2022,19570,-0.107794,-0.758211
2022-04-01,Tozeur,21154,4,2022,19221.4,0.100542,0.646282
2022-05-01,Tozeur,20079.6,5,2022,19552.8,0.026944,0.150122
2022-06-01,Tozeur,23314.4,6,2022,23196.5,0.00508413,0.00275382
2022-07-01,Tozeur,13726.5,7,2022,19320.5,-0.289536,-1.98342
2022-08-01,Tozeur,15385.8,8,2022,19545.5,-0.212822,-1.46626
2022-09-01,Tozeur,18896.2,9,2022,18815.9,0.00426715,-0.00275382
2022-10-01,Tozeur,19803,10,2022,22569.5,-0.122577,-0.857873
2022-11-01,Tozeur,20622.6,11,2022,22699.4,-0.0914899,-0.648299
2022-12-01,Tozeur,19996.9,12,2022,22122.4,-0.0960794,-0.679239
2023-01-01,Tozeur,20389,1,2023,21433.2,-0.0487194,-0.359962
2023-02-01,Tozeur,22213.4,2,2023,20895,0.0630976,0.393851
2023-03-01,Tozeur,19076.7,3,2023,19031.3,0.00238282,-0.015457
2023-04-01,Tozeur,20628.4,4,2023,19396.6,0.0635086,0.396622
2023-05-01,Tozeur,22157.6,5,2023,18860.1,0.174844,1.14719
2023-06-01,Tozeur,24992,6,2023,22637.3,0.104022,0.669742
2023-07-01,Tozeur,18626.3,7,2023,17687.2,0.0530966,0.32643
2023-08-01,Tozeur,17998.1,8,2023,18674.7,-0.0362341,-0.275793
2023-09-01,Tozeur,19547.5,9,2023,18598.8,0.0510073,0.312344
2023-10-01,Tozeur,23862.3,10,2023,21216.4,0.124711,0.809214
2023-11-01,Tozeur,24867.2,11,2023,21284.5,0.168328,1.10326
2023-12-01,Tozeur,20383.1,12,2023,21993.7,-0.0732303,-0.525202
2024-01-01,Tozeur,26030.1,1,2024,19552.8,0.331271,2.20174
2024-02-01,Tozeur,23023.2,2,2024,20625,0.116273,0.752329
2024-03-01,Tozeur,21846.6,3,2024,18108,0.206464,1.36035
2024-04-01,Tozeur,20041.9,4,2024,19592.1,0.0229612,0.123272
2024-05-01,Tozeur,18361.5,5,2024,20125.4,-0.0876467,-0.62239
2024-06-04,Tozeur,22894.8,6,2024,23336.3,-0.018922,-0.159083
2024-07-01,Tozeur,20123.1,7,2024,17188.3,0.170742,1.11954
2024-08-01,Tozeur,21398.5,8,2024,17541.2,0.219898,1.45092
2024-09-01,Tozeur,19604.7,9,2024,18579.8,0.0551598,0.340338
2024-10-01,Tozeur,24070.1,10,2024,21147.1,0.138225,0.900322
2024-11-01,Tozeur,24321.6,11,2024,21466.4,0.133011,0.865171
2024-12-01,Tozeur,24112.8,12,2024,20750.5,0.162037,1.06085
2021-01-01,Tunis,51528.9,1,2021,49682.6,0.0371628,0.577571
2021-02-01,Tunis,54033.5,2,2021,52892.3,0.0215746,0.293903
2021-03-01,Tunis,52113.3,3,2021,53732.9,-0.030141,-0.647191
2021-04-01,Tunis,54256.5,4,2021,55111.7,-0.0155187,-0.381103
2021-05-01,Tunis,54806.4,5,2021,49514,0.106888,1.84639
2021-06-01,Tunis,54495.1,6,2021,52859.8,0.0309384,0.464302
2021-07-01,Tunis,51770.5,7,2021,48210.1,0.0738514,1.24521
2021-08-01,Tunis,43779.1,8,2021,51471.3,-0.149446,-2.81824
2021-09-01,Tunis,50405.2,9,2021,50188.5,0.00431912,-0.0201028
2021-10-01,Tunis,47240.1,10,2021,54081,-0.126493,-2.40056
2021-11-01,Tunis,50584.5,11,2021,52390.2,-0.0344645,-0.725869
2021-12-01,Tunis,46775.7,12,2021,50383.4,-0.0716059,-1.40175
2022-01-01,Tunis,46822.9,1,2022,51251.3,-0.086406,-1.67108
2022-02-01,Tunis,52190.4,2,2022,53506.7,-0.0246002,-0.546363
2022-03-01,Tunis,48700.5,3,2022,54870.5,-0.112447,-2.14495
2022-04-01,Tunis,55376.5,4,2022,54738.4,0.0116568,0.113425
2022-05-01,Tunis,47087.2,5,2022,52087.1,-0.0959901,-1.84548
2022-06-01,Tunis,51177.6,6,2022,53965.6,-0.0516636,-1.03885
2022-07-01,Tunis,46529.8,7,2022,49957,-0.0686035,-1.34711
2022-08-01,Tunis,49656.7,8,2022,49512.1,0.00292156,-0.0455349
2022-09-01,Tunis,50743.6,9,2022,50075.7,0.0133386,0.14403
2022-10-01,Tunis,55149.4,10,2022,51444.6,0.0720162,1.21182
2022-11-01,Tunis,50760.5,11,2022,52331.5,-0.0300209,-0.645006
2022-12-01,Tunis,54550,12,2022,47792,0.141405,2.47453
2023-01-01,Tunis,50444.4,1,2023,50044.1,0.00799844,0.0468516
2023-02-01,Tunis,53049,2,2023,53220.5,-0.00322165,-0.157326
2023-03-01,Tunis,58317.1,3,2023,51665,0.128755,2.24433
2023-04-01,Tunis,53425.8,4,2023,55388.6,-0.0354371,-0.743567
2023-05-01,Tunis,48250.4,5,2023,51699.3,-0.0667116,-1.31269
2023-06-01,Tunis,53245.8,6,2023,53276.2,-0.000570681,-0.109085
2023-07-01,Tunis,49703.4,7,2023,48899.2,0.0164457,0.200571
2023-08-01,Tunis,52800.8,8,2023,48464.1,0.0894836,1.52968
2023-09-01,Tunis,48693.1,9,2023,50759.2,-0.0407022,-0.83938
2023-10-01,Tunis,52505.9,10,2023,52325.8,0.00344196,-0.036065
2023-11-01,Tunis,53786.1,11,2023,51323,0.0479939,0.77467
2023-12-01,Tunis,48494.6,12,2023,49810.5,-0.026417,-0.579424
2024-01-01,Tunis,51780.5,1,2024,49598.7,0.043989,0.701791
2024-02-01,Tunis,53437.6,2,2024,53091,0.00652852,0.0201028
2024-03-01,Tunis,54181.1,3,2024,53043.7,0.0214431,0.29151
2024-04-01,Tunis,56532.9,4,2024,54352.9,0.0401083,0.631171
2024-05-01,Tunis,53204.4,5,2024,50048,0.0630666,1.04896
2024-06-04,Tunis,54155.9,6,2024,52972.8,0.0223334,0.307712
2024-07-01,Tunis,48397.2,7,2024,49334.6,-0.0189996,-0.444447
2024-08-01,Tunis,51956.3,8,2024,48745.5,0.065868,1.09993
2024-09-01,Tunis,51128.6,9,2024,49947.3,0.0236509,0.331687
2024-10-01,Tunis,54587.7,10,2024,51631.8,0.0572499,0.943106
2024-11-01,Tunis,52623.8,11,2024,51710.4,0.0176648,0.222755
2024-12-01,Tunis,48105.7,12,2024,49940.1,-0.0367329,-0.767147
2021-01-01,Zaghouan,15987.6,1,2021,17727.6,-0.0981522,-0.562084
2021-02-01,Zaghouan,17641,2,2021,18555.6,-0.0492913,-0.252013
2021-03-01,Zaghouan,14956.2,3,2021,18122.9,-0.174737,-1.04809
2021-04-01,Zaghouan,15693.5,4,2021,18376.7,-0.146011,-0.865796
2021-05-01,Zaghouan,16584.8,5,2021,18514.4,-0.104218,-0.600576
2021-06-01,Zaghouan,18968.8,6,2021,21147.1,-0.103008,-0.5929
2021-07-01,Zaghouan,17010.7,7,2021,17730.2,-0.0405776,-0.196716
2021-08-01,Zaghouan,16804.3,8,2021,17076.2,-0.0159212,-0.040247
2021-09-01,Zaghouan,14895,9,2021,17206.3,-0.134327,-0.791647
2021-10-01,Zaghouan,15165.7,10,2021,19339,-0.215797,-1.30865
2021-11-01,Zaghouan,15286.1,11,2021,20042.2,-0.237302,-1.44513
2021-12-01,Zaghouan,15924.5,12,2021,18590.5,-0.143404,-0.84925
2022-01-01,Zaghouan,14666.2,1,2022,18168.1,-0.192752,-1.16241
2022-02-01,Zaghouan,16659.5,2,2022,18882.8,-0.117745,-0.686418
2022-03-01,Zaghouan,15075.4,3,2022,18083.2,-0.166331,-0.994747
2022-04-01,Zaghouan,17151,4,2022,17890.9,-0.0413597,-0.20168
2022-05-01,Zaghouan,17439.2,5,2022,18229.6,-0.0433589,-0.214366
2022-06-01,Zaghouan,20130.6,6,2022,20759.8,-0.0303106,-0.131562
2022-07-01,Zaghouan,14775,7,2022,18475.4,-0.200286,-1.21022
2022-08-01,Zaghouan,14397.2,8,2022,17878.6,-0.194725,-1.17494
2022-09-01,Zaghouan,15583.8,9,2022,16976.7,-0.0820507,-0.459904
2022-10-01,Zaghouan,17695,10,2022,18495.9,-0.043304,-0.214018
2022-11-01,Zaghouan,17767.7,11,2022,19215,-0.0753188,-0.417184
2022-12-01,Zaghouan,18310,12,2022,17795.3,0.0289231,0.244334
2023-01-01,Zaghouan,17538.3,1,2023,17210.7,0.0190321,0.181566
2023-02-01,Zaghouan,19430.5,2,2023,17959.1,0.0819321,0.580728
2023-03-01,Zaghouan,18736.4,3,2023,16862.9,0.111104,0.765851
2023-04-01,Zaghouan,18763.1,4,2023,17353.5,0.081229,0.576267
2023-05-01,Zaghouan,19713.9,5,2023,17471.3,0.128356,0.875333
2023-06-01,Zaghouan,21657.2,6,2023,20250.9,0.0694444,0.501482
2023-07-01,Zaghouan,18122.3,7,2023,17359.7,0.0439342,0.339595
2023-08-01,Zaghouan,16966.9,8,2023,17022,-0.00323694,0.040247
2023-09-01,Zaghouan,17783.7,9,2023,16243.4,0.0948277,0.662564
2023-10-01,Zaghouan,20206,10,2023,17658.9,0.144237,0.976117
2023-11-01,Zaghouan,21186.7,11,2023,18075.3,0.172131,1.15313
2023-12-01,Zaghouan,16775.4,12,2023,18306.8,-0.083653,-0.470072
2024-01-01,Zaghouan,20978.4,1,2024,16064,0.305925,2.00218
2024-02-01,Zaghouan,19576.9,2,2024,17910.3,0.0930498,0.651282
2024-03-01,Zaghouan,20557,3,2024,16256,0.26458,1.73981
2024-04-01,Zaghouan,19216.1,4,2024,17202.6,0.11705,0.803588
2024-05-01,Zaghouan,18390,5,2024,17912.6,0.0266509,0.229915
2024-06-04,Zaghouan,21653.4,6,2024,20252.2,0.0691901,0.499868
2024-07-01,Zaghouan,20293.2,7,2024,16636,0.219832,1.45584
2024-08-01,Zaghouan,19864.5,8,2024,16056.1,0.237192,1.56601
2024-09-01,Zaghouan,18251.4,9,2024,16087.5,0.134508,0.914372
2024-10-01,Zaghouan,20116.1,10,2024,17688.9,0.137214,0.931546
2024-11-01,Zaghouan,21172.1,11,2024,18080.2,0.171014,1.14604
2024-12-01,Zaghouan,20686,12,2024,17003.3,0.216585,1.43524
