shapeID,name,area_km2,n_pixels,sol,rad_km2,sol_per_km2,mean_rad,median_rad,p90_rad,max_rad,lit_area_km2,lit_share,core_area_km2,core_share,pop,pop_inhabited,pop_lit,pop_dark,pop_lit_share,pop_density,sol_per_capita,gini_pixels,gini_pop_light,cv_rad,sol_share_nat,pop_share_nat,light_pop_ratio,parent
11933810B37215570160824,القصور,457.405,2272,645.304,129.887,1.41079,0.284025,0.183281,0.291775,27.0409,75.0754,0.164133,1.20705,0.00263891,15159.7,15159.7,6761.72,8397.98,0.446033,33.1428,0.0425671,0.412759,0.796708,3.70269,0.00138563,0.00130213,1.06413,El Kef
11933810B66585629816917,المزونة,1131.71,5527,940.095,192.425,0.830687,0.170091,0.1321,0.197323,18.2731,50.5271,0.0446468,1.02234,0.000903364,25962.8,25860.1,7529.39,18330.7,0.291158,22.9413,0.0362093,0.301891,0.814186,3.05879,0.00201863,0.00223005,0.905194,Sidi Bouzid
11933810B82124432646139,العروسة,359.139,1796,379.238,75.8314,1.05596,0.211157,0.158184,0.227621,10.9601,26.7908,0.0745972,0.399859,0.00111338,21934.3,21934.3,8292.6,13641.7,0.378064,61.0748,0.0172897,0.323117,0.752685,2.35495,0.000814322,0.00188403,0.432224,Siliana
11933810B80183977842330,ماطر,562.76,2837,1395.41,276.69,2.47957,0.49186,0.208844,0.497342,24.3494,175.09,0.311127,4.55898,0.0081011,51928.5,51928.2,35190.3,16737.9,0.677672,92.2747,0.0268717,0.604003,0.706519,3.53107,0.0029963,0.00446034,0.671764,Bizerte
11933810B43888701821775,الجم,284.331,1403,1804.69,365.746,6.34713,1.28631,0.437424,1.37296,49.1421,273.791,0.962931,6.08026,0.0213844,51930.6,51930.6,51456.1,474.488,0.990863,182.641,0.0347519,0.668214,0.647535,3.10928,0.00387513,0.00446052,0.868761,Mahdia
11933810B93906060339366,القصر,280.483,1369,1271.44,260.498,4.53304,0.928737,0.260117,0.82613,35.1471,151.013,0.538405,6.55634,0.0233752,51616.1,51616.1,46606.3,5009.88,0.90294,184.026,0.0246326,0.72712,0.607206,3.73727,0.00273011,0.00443351,0.61579,Gafsa
11933810B57127812574337,صفاقس الجنوبية,195.3,958,4954.6,1010.42,25.3692,5.17181,1.2521,17.4791,91.9469,195.096,0.998958,35.8946,0.183792,123573,123573,123567,6.65946,0.999946,632.737,0.0400944,0.679403,0.352277,1.65517,0.0106388,0.0106142,1.00232,Sfax
11933810B10905453653895,غزالة,405.915,2049,414.788,82.1728,1.02186,0.202434,0.150266,0.247357,6.05593,40.0163,0.0985831,0,0,26412.4,26412.2,7768.07,18644.1,0.29411,65.0689,0.0157043,0.345913,0.659824,1.67099,0.000890656,0.00226866,0.392591,Bizerte
11933810B38600373367169,سيدي عيش,442.084,2165,429.113,87.6164,0.970659,0.198205,0.151372,0.24646,10.785,42.2621,0.0955975,0.204084,0.00046164,11735.4,11735.4,4249.27,7486.13,0.36209,26.5456,0.0365657,0.298645,0.749477,1.92714,0.000921416,0.001008,0.914104,Gafsa
11933810B46466927285708,الشبيكة,509.984,2527,1334.75,269.374,2.61724,0.528197,0.290904,0.624957,30.659,334.392,0.655691,2.62285,0.00514299,40497.3,40497.3,33435.2,7062.08,0.825616,79.4089,0.0329591,0.501669,0.762127,2.88997,0.00286606,0.00347847,0.823943,Kairouan
11933810B49203985770178,تطاوين الشمالية,2827.8,13530,6601.52,1381.16,2.33451,0.487917,0.126931,0.302489,258.301,367.671,0.13002,20.0728,0.00709839,37992.5,34359,27145.5,7213.5,0.790055,13.4354,0.173759,0.749154,0.647113,10.1091,0.0141752,0.00326332,4.34379,Tataouine
11933810B42878076535883,رمادة,27497,130220,28501,6023.98,1.03652,0.218868,0.120704,0.17376,850.014,1373.51,0.0499512,26.8523,0.000976556,10563.5,3552.89,3388.02,164.87,0.953596,0.384169,2.69807,0.495994,0.898617,18.9609,0.0611991,0.000907339,67.449,Tataouine
11933810B83498935151337,الصمار,1985.26,9508,1235.31,257.911,0.622241,0.129923,0.116179,0.147349,4.97334,32.9357,0.0165901,0,0,15586.8,12697.3,3381.15,9316.13,0.266289,7.85123,0.0792539,0.182579,0.65534,1.05729,0.00265253,0.00133881,1.98127,Tataouine
11933810B11827339972029,سليمان,141.712,712,3437.67,684.399,24.2581,4.82818,1.28563,12.8675,69.6326,140.321,0.990184,16.525,0.116609,59889.2,59889.2,59836,53.1615,0.999112,422.611,0.0574005,0.717619,0.574212,2.09211,0.00738156,0.00514411,1.43495,Nabeul
11933810B93669853270617,أولاد حفوز,420.716,2071,673.305,136.79,1.60038,0.325111,0.234887,0.480635,13.5635,181.631,0.431718,0.609644,0.00144906,21295.8,21295.8,11769.7,9526.09,0.552678,50.6181,0.0316167,0.358693,0.688778,1.73494,0.00144576,0.00182918,0.790386,Sidi Bouzid
11933810B54153099076840,الرديف,401.76,1960,746.553,153.012,1.85821,0.380894,0.178172,0.379967,16.9098,74.1895,0.184661,1.84449,0.00459103,24465,24456.1,17191.1,7264.94,0.702939,60.8945,0.0305152,0.549738,0.626428,2.91516,0.00160304,0.00210139,0.762849,Gafsa
11933810B17149479798456,الناظور,354.862,1769,652.375,130.876,1.83839,0.368782,0.183958,0.491066,23.986,116.578,0.328517,1.00296,0.00282634,34646.5,34646.5,22794.2,11852.3,0.657909,97.6335,0.0188295,0.565401,0.745755,3.26356,0.00140082,0.00297592,0.470718,Zaghouan
11933810B3957312331643,زرمدين,250.927,1242,1210.3,244.501,4.8233,0.974475,0.364135,1.45231,31.5546,216.576,0.863104,4.03979,0.0160994,33712.8,33711.4,32882,829.443,0.975396,134.353,0.0359003,0.6279,0.642947,2.58866,0.00259882,0.00289572,0.89747,Monastir
11933810B51337682918507,القيروان الجنوبية,519.035,2570,3140.06,633.736,6.0498,1.22181,0.379346,1.08571,77.1116,410.526,0.79094,10.2899,0.0198251,62619.9,62619.6,58128.5,4491.1,0.92828,120.647,0.0501448,0.71815,0.697461,4.1091,0.00674252,0.00537866,1.25357,Kairouan
11933810B93089307586019,قابس الغربية,152.975,742,1623.62,334.68,10.6136,2.18816,0.491316,6.79921,30.2739,137.715,0.900246,10.3063,0.0673722,35899.1,35899.1,35628.3,270.787,0.992457,234.672,0.0452273,0.704828,0.44162,1.86074,0.00348632,0.00308351,1.13064,Gabès
11933810B87788045325558,أوتيك,371.509,1874,1029.09,203.981,2.77003,0.549141,0.338524,0.761768,15.5828,309.453,0.832963,0.594281,0.00159964,20868.3,20868.3,19302.5,1565.79,0.924968,56.1718,0.0493135,0.433377,0.632192,1.76019,0.00220972,0.00179246,1.23279,Bizerte
11933810B95745204086870,سيدي مخلوف,656.72,3173,925.972,191.699,1.41,0.291828,0.176749,0.378559,17.015,137.723,0.209713,0.414118,0.000630586,27335.5,27335.5,11964.1,15371.4,0.437678,41.6243,0.0338743,0.435678,0.706112,2.16054,0.0019883,0.00234795,0.846824,Médenine
11933810B61155262377860,مارث,996.159,4814,1823.9,377.182,1.83093,0.378874,0.176542,0.403096,25.5327,229.871,0.230758,4.96199,0.00498112,64717.8,64623.6,43692.2,20931.4,0.676103,64.9674,0.0281823,0.581106,0.730512,3.40489,0.00391638,0.00555887,0.704529,Gabès
11933810B61814585339016,تالة,713.438,3533,1219.62,246.275,1.7095,0.345209,0.197248,0.426149,25.8931,226.559,0.317559,2.01984,0.00283114,37815.4,37815.4,21916.3,15899.1,0.57956,53.0044,0.032252,0.489855,0.756397,3.09801,0.00261884,0.00324811,0.806267,Kasserine
11933810B10637834163678,بنزرت الجنوبية,402.431,2036,1706.61,337.303,4.24076,0.838218,0.197348,0.710467,48.2625,149.829,0.37231,9.09111,0.0225905,66154.4,66152.7,52501.8,13650.9,0.793645,164.387,0.0257974,0.777401,0.672859,4.00148,0.00366454,0.00568226,0.644909,Bizerte
11933810B59009288682307,الكاف الشرقية,391.862,1955,1483.22,297.33,3.78505,0.758681,0.206931,0.691572,58.5032,136.927,0.349427,6.01396,0.0153471,40481.6,40481.6,32750,7731.65,0.809008,103.306,0.0366394,0.729959,0.642092,4.47582,0.00318486,0.00347712,0.915946,El Kef
11933810B77828978418448,جبنيانة,252.195,1241,1098.02,223.207,4.35386,0.884786,0.363669,1.39899,19.1181,199.574,0.791349,3.25353,0.0129009,52655.2,52655.2,49674.7,2980.49,0.943396,208.788,0.020853,0.599086,0.597957,2.10252,0.00235773,0.00452276,0.521304,Sfax
11933810B2147309578114,مطماطة الجديدة,750.616,3630,1032.25,213.4,1.3752,0.284366,0.15203,0.246318,36.0438,71.7225,0.0955515,2.68692,0.00357962,12911.5,12525.8,6091.26,6434.49,0.486299,17.2012,0.0799483,0.502478,0.791205,5.27378,0.00221651,0.00110901,1.99863,Gabès
11933810B84977870340871,عين دراهم,486.902,2448,717.17,142.648,1.47292,0.292962,0.155367,0.323149,12.495,81.1584,0.166683,0.795634,0.00163407,33054.6,33048.8,17059.1,15989.8,0.516177,67.8875,0.0216965,0.532017,0.715225,2.61849,0.00153995,0.00283919,0.542391,Jendouba
11933810B24565531401721,السند,764.905,3739,1114.64,228.026,1.45722,0.298111,0.161812,0.309675,31.0805,123.17,0.161027,3.06827,0.00401131,39102.5,39102.5,18874.4,20228.1,0.482691,51.1207,0.0285055,0.505315,0.779026,4.2116,0.00239341,0.00335867,0.712608,Gafsa
11933810B45442684753250,التحرير,1.59022,8,711.625,141.456,447.501,88.9531,88.6595,99.2821,101.365,1.59022,1,1.59022,1,18854.2,18854.2,18854.2,0,1,11856.3,0.0377436,0.0565695,0.0578298,0.0992146,0.00152804,0.00161946,0.943552,Tunis
11933810B21943551709100,جلمة,666.65,3291,1437.78,291.34,2.15672,0.436881,0.246856,0.644611,26.5008,327.637,0.491467,2.83833,0.00425761,43213.5,43213.5,30372.5,12841,0.702847,64.8218,0.0332715,0.491959,0.76347,2.90893,0.00308728,0.00371177,0.831753,Sidi Bouzid
11933810B27074780106305,الزهور,1.98858,10,502.005,99.8274,252.443,50.2005,54.6629,59.2536,61.4116,1.98858,1,1.98858,1,701.003,701.003,701.003,0,1,352.514,0.716123,0.107849,2.24636e-09,0.205312,0.00107793,6.02119e-05,17.9023,Tunis
11933810B6714146070039,حيدرة,495.039,2450,784.016,158.394,1.58375,0.320006,0.17587,0.339831,34.4582,99.8034,0.201607,1.818,0.00367245,11223.3,11220.9,6020.9,5199.97,0.536581,22.6716,0.0698561,0.512024,0.767197,4.43869,0.00168348,0.000964012,1.74633,Kasserine
11933810B18230049002493,المدينة,1.19309,6,560.583,111.471,469.858,93.4304,91.8779,109.514,111.503,1.19309,1,1.19309,1,11506.1,11506.1,11506.1,0,1,9643.99,0.0487203,0.0780799,0.0775975,0.13818,0.00120372,0.000988308,1.21796,Tunis
11933810B70158392681362,النفيضة,381.178,1900,3202.13,642.358,8.40063,1.68533,0.461463,3.11361,63.5049,355.481,0.932586,15.4461,0.040522,57503.6,57503.6,56134.8,1368.75,0.976197,150.858,0.0556858,0.7132,0.656201,2.71584,0.00687581,0.0049392,1.39209,Sousse
11933810B78138707020335,باب سويقة,1.98828,10,812.552,161.559,408.67,81.2552,80.7912,93.77,106.095,1.98828,1,1.98828,1,26202.5,26202.5,26202.5,0,1,13178.5,0.0310105,0.0835634,0.0767286,0.149811,0.00174476,0.00225064,0.77523,Tunis
11933810B79340019170790,بنزرت الشمالية,54.0982,274,2640.93,521.757,48.8173,9.63843,0.821446,43.1577,76.5988,46.0219,0.85071,13.6314,0.251976,88404.8,88404.8,88235,169.789,0.998079,1634.15,0.0298731,0.754156,0.402426,1.71827,0.00567076,0.00759343,0.746798,Bizerte
11933810B49530197885075,الزريبة,347.2,1735,1411.46,282.344,4.06527,0.813522,0.244203,0.670453,67.9695,167.456,0.482304,4.59985,0.0132484,22604.7,22603.2,16634.6,5968.66,0.735938,65.1058,0.0624409,0.712688,0.814366,5.16497,0.00303077,0.00194161,1.56096,Zaghouan
11933810B5079624698745,مدنين االجنوبية,730.365,3522,1787.64,370.725,2.4476,0.507564,0.178214,0.535144,50.9178,185.802,0.254396,5.39364,0.00738486,66124.3,66124.3,48628.3,17496,0.735407,90.5361,0.0270345,0.659779,0.705207,4.12783,0.00383853,0.00567968,0.675836,Médenine
11933810B55082969984596,السواسي,345.353,1705,1329.22,269.235,3.84887,0.779599,0.38832,0.947,37.219,284.594,0.824068,4.65845,0.013489,48420.1,48420.1,43538.9,4881.19,0.899191,140.205,0.0274517,0.560179,0.713952,2.85508,0.00285417,0.00415899,0.686265,Mahdia
11933810B3203162636288,فوشانة,39.4242,198,3145.73,626.283,79.7918,15.8875,9.85687,36.9102,91.3895,39.4242,1,19.5112,0.494903,73709.1,73709.1,73709.1,0,1,1869.64,0.0426776,0.513627,0.397683,1.04847,0.00675469,0.00633116,1.0669,Ben Arous
11933810B75310279086219,مجاز الباب,461.13,2316,1670.17,332.695,3.62192,0.721146,0.242478,0.827792,47.6128,216.119,0.468673,5.97724,0.0129622,46956.9,46956.9,38355.4,8601.41,0.816823,101.83,0.0355683,0.681688,0.701138,3.69285,0.00358629,0.00403331,0.88917,Béja
11933810B2824472069390,مرناق,397.173,1992,3451.01,687.657,8.68894,1.73244,0.658823,3.66488,49.762,362.636,0.913042,9.56255,0.0240765,60918.8,60918.8,59932.1,986.63,0.983804,153.381,0.0566495,0.628466,0.571909,2.01615,0.00741022,0.00523255,1.41618,Ben Arous
11933810B89916598335200,المرسى,30.1864,152,4376.48,869.242,144.981,28.7926,24.0296,57.9752,68.732,30.1864,1,26.2156,0.868457,101337,101337,101337,0,1,3357.03,0.0431874,0.356516,0.300844,0.632278,0.00939743,0.00870422,1.07964,Tunis
11933810B30611491582390,المطوية,409.634,1991,1169.96,240.85,2.85611,0.587624,0.19982,0.658267,21.5473,130.512,0.318605,4.11933,0.0100561,28824.3,28824.3,22194.1,6630.15,0.76998,70.3659,0.0405894,0.663806,0.635284,3.02294,0.00251221,0.00247583,1.01469,Gabès
11933810B38388231155929,المضيلة,643.037,3131,1074.88,220.633,1.67157,0.343302,0.156738,0.341698,22.101,100.966,0.157014,2.05139,0.00319016,16758.3,16242.4,10519.2,5723.2,0.647639,26.0612,0.0641401,0.570231,0.696207,3.28275,0.00230804,0.00143944,1.60344,Gafsa
11933810B11969920480260,القطار,928.187,4523,1258.85,258.24,1.35625,0.278322,0.147083,0.244436,24.6576,87.3655,0.0941249,3.28139,0.00353527,20393.7,19699.4,11419.2,8280.19,0.579673,21.9715,0.0617275,0.520202,0.742629,4.02469,0.00270308,0.00175169,1.54313,Gafsa
11933810B88432623246130,قبلي الشمالية,1818.68,8818,3314.64,684.327,1.82255,0.375895,0.13157,0.320394,49.1153,254.887,0.140149,9.70829,0.0053381,58418.6,56581.8,41269,15312.8,0.729369,32.1214,0.0567395,0.660358,0.725893,4.88121,0.00711739,0.0050178,1.41843,Kébili
11933810B29604582719412,باجة الجنوبية,363.628,1825,1560.86,310.805,4.29248,0.855268,0.220499,0.7984,55.7935,147.795,0.406447,7.56449,0.0208029,33870.1,33865.6,27938.6,5926.97,0.824985,93.1449,0.0460839,0.745821,0.633444,3.98932,0.00335158,0.00290923,1.15205,Béja
11933810B6535547360334,القصرين الشمالية,97.3917,480,2521.4,511.796,25.8892,5.25291,0.478151,18.2094,63.8129,73.6583,0.75631,14.0063,0.143814,71379.6,71379.6,70260.7,1118.9,0.984325,732.912,0.0353238,0.806503,0.378313,2.20568,0.00541409,0.00613107,0.883059,Kasserine
11933810B95103152566623,باردو,7.55495,38,2052.95,408.152,271.735,54.0249,52.6005,73.7825,83.0259,7.55495,1,7.55495,1,97911,97911,97911,0,1,12959.8,0.0209675,0.134083,0.138675,0.238076,0.00440821,0.00840995,0.524165,Tunis
11933810B5544515796376,الميدة,151.675,762,782.939,155.84,5.16195,1.02748,0.492021,1.59215,31.2676,141.728,0.934421,1.79126,0.0118099,28742.8,28742.8,28185.5,557.273,0.980612,189.502,0.0272395,0.564101,0.709482,2.3546,0.00168117,0.00246883,0.680959,Nabeul
11933810B20435458440644,حفوز,608.632,3015,941.465,190.06,1.54686,0.312261,0.204893,0.38255,22.9503,179.112,0.294286,1.41278,0.00232124,36179.4,36179.4,19840.4,16339,0.54839,59.4439,0.0260221,0.408946,0.776476,2.70134,0.00202157,0.00310759,0.650527,Kairouan
11933810B76458029989338,شربان,444.083,2189,727.125,147.482,1.63736,0.332172,0.234252,0.49499,6.63472,197.762,0.445327,0,0,22454.5,22454.5,13910,8544.58,0.619472,50.5639,0.0323821,0.367358,0.620161,1.29179,0.00156133,0.00192871,0.809519,Mahdia
11933810B30403367882459,مكثر,340.737,1693,935.449,188.268,2.74537,0.55254,0.199478,0.415103,34.2353,95.1873,0.279357,3.8241,0.011223,27453.9,27453.9,18892.1,8561.77,0.68814,80.5721,0.0340734,0.653079,0.683244,4.3305,0.00200865,0.00235812,0.851801,Siliana
11933810B81248278761241,بن عروس,6.765,34,1371.86,272.959,202.789,40.349,40.6483,50.7038,53.0213,6.765,1,6.765,1,49949.6,49949.6,49949.6,0,1,7383.54,0.027465,0.123246,0.1146,0.217132,0.00294575,0.00429037,0.686596,Ben Arous
11933810B81805450499121,سبيبة,445.361,2203,1305.61,263.883,2.93157,0.592649,0.320799,0.877451,52.4091,280.357,0.629504,2.62675,0.00589802,40092,40092,34112.6,5979.4,0.850858,90.0214,0.0325652,0.547426,0.763211,3.83324,0.00280347,0.00344366,0.814097,Kasserine
11933810B37574036497971,المكناسي,621.991,3044,915.686,187.135,1.47219,0.300817,0.152521,0.268893,25.3834,71.5416,0.11502,3.06592,0.0049292,25875.3,25875.3,12486.1,13389.2,0.482548,41.6008,0.0353884,0.530842,0.74595,4.10994,0.00196621,0.00222253,0.884673,Sidi Bouzid
11933810B72846800304376,غار الدماء,504.684,2528,1414.47,282.488,2.80269,0.559522,0.188801,0.590687,43.3289,161.549,0.320099,5.19391,0.0102914,60439.9,60438.5,44366.1,16072.5,0.734069,119.758,0.0234029,0.670135,0.702469,4.5425,0.00303723,0.00519141,0.58505,Jendouba
11933810B91924190982808,سبالة أوالد عسكر,293.117,1445,609.167,123.607,2.07824,0.421569,0.264984,0.528474,23.3836,163.764,0.558699,1.21784,0.0041548,20706.1,20706.1,16331.9,4374.21,0.788748,70.6411,0.0294197,0.455361,0.748791,2.77592,0.00130804,0.00177853,0.735462,Sidi Bouzid
11933810B4781158018226,بورويس,273.984,1367,449.835,90.157,1.64183,0.329068,0.196278,0.387941,20.0345,75.9491,0.277202,0.801803,0.00292645,11227.8,11227.8,6024.09,5203.75,0.536531,40.9799,0.0400643,0.448618,0.766352,3.003,0.000965913,0.000964403,1.00157,Siliana
11933810B50994391352057,قفصة الشمالية,532.186,2603,543.197,111.083,1.02069,0.208681,0.162828,0.321023,7.54886,83.682,0.157242,0,0,9657.34,9657.34,3026.53,6630.81,0.313392,18.1466,0.0562471,0.279512,0.546268,1.08693,0.00116638,0.000829506,1.40612,Gafsa
11933810B36279508615628,مدنين الشمالية,332.235,1602,1354.84,281.003,4.07794,0.845716,0.202313,1.24682,56.8707,118.21,0.355801,4.97826,0.0149841,50752.3,50752.3,44279.9,6472.38,0.872471,152.76,0.0266951,0.728365,0.600837,3.42591,0.00290919,0.00435931,0.66735,Médenine
11933810B83603965964672,الوسلاتية,910.448,4525,1181.81,237.851,1.29805,0.261174,0.158557,0.252717,24.1077,95.1995,0.104563,2.01327,0.00221129,34384.3,34384.3,11307.5,23076.8,0.328857,37.7663,0.0343707,0.457336,0.811881,3.60311,0.00253765,0.0029534,0.859231,Kairouan
11933810B8202711908587,بني حسان,85.892,425,610.814,123.433,7.11141,1.43721,0.614498,3.10493,17.8938,85.892,1,1.61613,0.0188158,14491.5,14491.5,14491.5,0,1,168.717,0.0421499,0.569386,0.557074,1.57098,0.00131158,0.00124473,1.0537,Monastir
11933810B14631424416912,القصرين الجنوبية,860.363,4235,1576.96,320.266,1.8329,0.372363,0.207595,0.558372,17.7082,310.957,0.361426,2.43587,0.00283121,27569.7,27569.7,19741,7828.77,0.716037,32.0443,0.0571988,0.485088,0.681852,2.40054,0.00338613,0.00236807,1.42991,Kasserine
11933810B87757841010951,فوسانة,911.416,4499,1501.27,304.115,1.64719,0.33369,0.192525,0.46613,36.1187,282.194,0.309621,2.43051,0.00266674,39943.3,39939.7,23544.7,16395,0.589505,43.8256,0.037585,0.473172,0.79123,3.58933,0.00322362,0.00343089,0.939587,Kasserine
11933810B6690726234201,منزل بورقيبة,127.738,645,1321.34,261.558,10.3442,2.04859,0.346524,4.91368,37.3592,107.329,0.840235,8.70894,0.0681784,56987,56987,56106.8,880.239,0.984554,446.126,0.0231867,0.776989,0.461603,2.62326,0.00283726,0.00489484,0.579643,Bizerte
11933810B33888578945237,قصور الساف,220.519,1089,1428.04,289.122,6.47582,1.31133,0.468034,2.49575,31.9834,209.983,0.952223,5.06027,0.0229472,56637,56637,55969.5,667.593,0.988213,256.836,0.0252139,0.630409,0.619732,2.15282,0.00306637,0.00486478,0.630321,Mahdia
11933810B16609511598620,قربة,206.684,1037,3031.47,604.583,14.6671,2.9233,0.590419,5.19525,212.508,203.896,0.98651,12.1671,0.0588679,73579,73579,73440.7,138.294,0.99812,355.997,0.0412002,0.764337,0.652342,3.81973,0.00650934,0.00631998,1.02996,Nabeul
11933810B43224810674441,عمدون,241.219,1213,359.668,71.5406,1.49104,0.296511,0.143875,0.293621,12.5757,34.2185,0.141857,0.596772,0.00247399,21483,21482.8,10117.1,11365.7,0.470938,89.0603,0.016742,0.563647,0.72337,3.15276,0.0007723,0.00184526,0.418532,Béja
11933810B58495148677727,المهدية,164.988,816,3291.29,665.374,19.9487,4.03345,0.748281,12.0191,54.7552,164.786,0.998774,17.9922,0.109052,77981,77981,77963.6,17.4193,0.999777,472.646,0.0422064,0.756723,0.584804,2.26754,0.00706726,0.00669809,1.05512,Mahdia
11933810B21305509879120,الزهور,3.24835,16,645.677,131.086,198.771,40.3548,42.5151,60.8471,64.1317,3.24835,1,3.04532,0.937499,17687.5,17687.5,17687.5,0,1,5445.09,0.0365046,0.241967,0.178377,0.423666,0.00138644,0.00151925,0.912578,Kasserine
11933810B9843874857613,العلاء,359.205,1780,446.091,90.0284,1.24188,0.250613,0.175665,0.318777,11.2233,69.6238,0.193827,0.605646,0.00168607,25616.5,25616.5,12340.6,13275.9,0.481743,71.3145,0.0174142,0.35564,0.740011,2.24325,0.000957873,0.0022003,0.435337,Kairouan
11933810B85460766663298,جرجيس,881.681,4255,4253.88,880.92,4.82474,0.999737,0.161791,1.0115,337.531,242.228,0.274734,12.2166,0.013856,74187.5,74174.2,60336.9,13837.3,0.813448,84.1432,0.0573396,0.815553,0.720162,8.91593,0.00913418,0.00637225,1.43343,Médenine
11933810B63769477321457,Jendouba Nord,297.068,1489,1224.9,244.437,4.12329,0.822632,0.24179,0.881973,38.5238,143.259,0.482244,5.38926,0.0181415,51447.4,51447.4,42005.6,9441.86,0.816476,173.184,0.0238087,0.714792,0.640618,3.62175,0.00263017,0.00441902,0.595194,Jendouba
11933810B76554962247664,دقاش,1412.05,6861,1590.52,327.387,1.1264,0.231821,0.145934,0.219333,25.6122,108.291,0.0766911,1.85318,0.00131241,31341.9,29605.9,19125.5,10480.4,0.646003,22.1961,0.0507475,0.409776,0.706471,3.23037,0.00341527,0.00269208,1.26863,Tozeur
11933810B30823561868472,طبربة,285.124,1435,1181.68,234.819,4.14444,0.82347,0.260227,1.03659,30.7387,151.385,0.530945,4.77009,0.0167299,58234.6,58234.6,49037.7,9196.88,0.842072,204.243,0.0202917,0.690048,0.691628,3.23915,0.00253737,0.00500199,0.507272,Manouba
11933810B61776975949609,صفاقس المدينة,28.3649,139,4342.44,886.093,153.092,31.2406,27.8161,56.5154,126.815,28.3649,1,22.4454,0.791308,107320,107320,107320,0,1,3783.54,0.0404625,0.394268,0.271645,0.746799,0.00932434,0.00921813,1.01152,Sfax
11933810B38819723902176,قبلاط,412.257,2066,622.475,124.191,1.50992,0.301295,0.200644,0.337369,24.9168,99.5293,0.241426,1.39659,0.00338767,13883.3,13883.3,7285.86,6597.4,0.524794,33.6763,0.0448363,0.407086,0.780945,3.24169,0.00133661,0.00119249,1.12086,Béja
11933810B33504132443060,نابل,74.6778,374,3660.83,731.232,49.0217,9.78832,0.86035,36.045,77.2239,74.6778,1,19.1757,0.256779,89326.1,89326.1,89326.1,0,1,1196.15,0.0409828,0.749638,0.403356,1.74356,0.00786075,0.00767257,1.02453,Nabeul
11933810B24040773299461,منيهلة,23.0462,116,2008.41,399.047,87.1468,17.3138,13.9747,35.1344,59.4478,23.0462,1,13.9079,0.603478,153409,153409,153409,0,1,6656.57,0.0130918,0.44027,0.286846,0.813218,0.00431257,0.0131769,0.327283,Ariana
11933810B74384837832426,منوبة‬,11.7303,59,2325.03,462.259,198.207,39.4072,41.0306,55.1278,67.2981,11.7303,1,11.5314,0.98305,97883.8,97883.8,97883.8,0,1,8344.55,0.0237529,0.210736,0.186241,0.370172,0.00499243,0.00840762,0.593799,Manouba
11933810B33126972723663,منزل جميل,78.7067,398,1808.15,357.497,22.9733,4.5431,0.815305,13.8376,57.7119,78.7067,1,11.8624,0.150716,50943.6,50943.6,50943.6,0,1,647.258,0.0354933,0.703098,0.477897,1.72743,0.00388257,0.00437574,0.887295,Bizerte
11933810B84840502063502,مساكن,330.736,1640,4593.49,926.099,13.8887,2.80091,0.562404,7.60566,43.1701,305.308,0.923116,25.4022,0.0768049,94972.7,94970.2,94104.6,865.631,0.990885,287.155,0.0483664,0.748668,0.502774,2.22236,0.00986341,0.00815757,1.20911,Sousse
11933810B37259719331002,ماجل بالعباس,882.231,4325,1403.71,286.36,1.59109,0.324557,0.186714,0.37161,33.3031,210.747,0.23888,3.06021,0.00346872,23412,23411.8,12383.6,11028.2,0.528946,26.5372,0.0599568,0.462643,0.771907,3.6046,0.00301413,0.00201095,1.49886,Kasserine
11933810B95892911712161,كندار,159.703,794,491.355,98.8122,3.07667,0.618835,0.239842,1.01952,18.399,72.1949,0.452056,0.804289,0.00503614,11607.9,11602.4,8184.67,3417.71,0.70543,72.6839,0.0423295,0.607243,0.616224,2.35825,0.00105507,0.000997044,1.05819,Sousse
11933810B44054307576941,قلعة سنان,509.353,2529,936.218,188.58,1.83805,0.370193,0.199776,0.406659,26.3024,142.602,0.279968,2.01468,0.00395537,14245.6,14230.5,7777.52,6453.03,0.546537,27.9681,0.0657196,0.491714,0.770057,3.08915,0.0020103,0.00122361,1.64292,El Kef
11933810B62465925468138,قلعة الأندلس,189.358,955,1729.14,343.058,9.13158,1.81062,0.481943,3.23691,53.2595,179.257,0.946655,7.93721,0.0419163,38511.9,38510.9,38136,374.96,0.990264,203.381,0.0448989,0.707772,0.59584,2.68675,0.00371292,0.00330794,1.12243,Ariana
11933810B35489062673947,قصر هلال,22.1994,110,1516.85,306.096,68.3283,13.7895,5.5341,36.2099,57.6523,22.1994,1,9.68608,0.436321,53832,53832,53832,0,1,2424.93,0.0281775,0.57413,0.320614,1.09753,0.00325707,0.00462384,0.704407,Monastir
11933810B27831601054676,قرمبالية,300.485,1507,3611.05,719.737,12.0174,2.39619,0.779805,4.47203,66.6845,294.297,0.979407,12.5545,0.0417809,75516.5,75516.5,75297.3,219.169,0.997098,251.316,0.047818,0.700206,0.649864,2.58971,0.00775386,0.00648641,1.1954,Nabeul
11933810B33023449768384,قبلي الجنوبية,1140.08,5512,1798.23,371.994,1.57729,0.32624,0.155655,0.29874,27.3527,182.465,0.160045,4.13825,0.00362978,25699.8,23980.8,18010.3,5970.54,0.751028,22.5421,0.0699706,0.557538,0.710744,3.57184,0.00386127,0.00220746,1.74919,Kébili
11933810B10126944429848,قابس المدينة,17.1074,83,2345.85,483.502,137.125,28.2633,24.1425,56.0634,70.7692,17.1074,1,15.0463,0.879518,45919.4,45919.4,45919.4,0,1,2684.18,0.0510863,0.338548,0.305499,0.604629,0.00503715,0.00394419,1.2771,Gabès
11933810B98066234289129,فرنانة,390.091,1958,465.194,92.6775,1.19253,0.237586,0.169855,0.304624,11.7608,58.5763,0.150161,0.199234,0.000510739,44799.1,44799.1,14904.6,29894.5,0.3327,114.843,0.010384,0.350103,0.732892,1.93082,0.000998893,0.00384797,0.25959,Jendouba
11933810B83790658636329,غنوش,20.3944,99,463.034,95.3954,22.704,4.67711,2.29365,12.9908,25.3843,20.3944,1,2.6783,0.131325,32396.5,32396.5,32396.5,0,1,1588.5,0.0142927,0.580155,0.444939,1.21097,0.000994253,0.00278266,0.357303,Gabès
11933810B65727884052892,‫عقارب‬,732.947,3592,2102.04,429.106,2.86793,0.585201,0.246761,0.868846,28.0822,360.042,0.491225,3.67482,0.00501377,31437.8,31437.8,26577.8,4860.05,0.845408,42.8923,0.0668635,0.597803,0.644555,2.45125,0.00451363,0.00270032,1.67152,Sfax
11933810B89464736925123,طينة,100.874,494,3510.21,716.756,34.798,7.10568,2.97474,18.8015,117.067,100.874,1,20.4194,0.202425,78332.6,78332.6,78332.6,0,1,776.541,0.0448116,0.606313,0.449308,1.56978,0.00753732,0.00672829,1.12024,Sfax
11933810B49609226357839,طبلبة,22.6036,112,1043.22,210.535,46.1528,9.31447,7.15945,19.4857,39.1994,22.6036,1,9.08139,0.401767,41452,41452,41452,0,1,1833.86,0.0251669,0.430454,0.340022,0.834165,0.00224006,0.00356047,0.629148,Monastir
11933810B10641809578431,صيادة - لمطة - بوحجر,13.3154,66,961.636,194.006,72.2198,14.5702,13.2413,28.7537,33.1308,13.3154,1,7.66632,0.575749,32322.3,32322.3,32322.3,0,1,2427.43,0.0297515,0.391618,0.252424,0.684471,0.00206488,0.00277628,0.743757,Monastir
11933810B93819416666054,سوسة جوهرة,13.8922,69,3353.48,675.18,241.393,48.6012,49.1333,65.5262,74.8109,13.8922,1,13.8922,1,117935,117935,117935,0,1,8489.25,0.0284351,0.152567,0.141034,0.269197,0.0072008,0.0101299,0.710848,Sousse
11933810B21860369421282,رأس الجبل,84.6382,428,1032,204.08,12.193,2.4112,0.856676,4.88191,38.7396,84.2425,0.995325,3.7573,0.0443925,61944.2,61944.2,61870.1,74.1254,0.998803,731.87,0.0166601,0.647035,0.611186,2.01071,0.00221596,0.00532063,0.416485,Bizerte
11933810B55404586431180,صفاقس الغربية,16.3257,80,2160.4,440.884,132.331,27.005,26.6875,39.8089,58.9196,16.3257,1,16.3257,1,108811,108811,108811,0,1,6665.03,0.0198545,0.211317,0.195213,0.376528,0.00463894,0.00934624,0.496343,Sfax
11933810B91827641175132,قصيبة المديوني,35.5131,176,1313.91,265.064,36.9978,7.46539,2.67671,25.3273,41.949,35.5131,1,8.67443,0.24426,40292.7,40292.7,40292.7,0,1,1134.59,0.0326091,0.607384,0.432726,1.30232,0.0028213,0.0034609,0.815193,Monastir
11933810B81652618880798,بوعرادة,379.747,1898,507.491,101.518,1.33639,0.267382,0.164198,0.263564,19.4806,43.8033,0.115348,1.20004,0.0031601,9803.28,9803.28,4706.35,5096.93,0.480079,25.8153,0.0517674,0.45148,0.755808,3.79704,0.00108971,0.000842042,1.29413,Siliana
11933810B45632571730396,سيدي بو علي,127.823,636,1036.01,208.23,8.10504,1.62894,0.579405,3.58647,32.633,121.795,0.952841,3.81912,0.0298783,24545.1,24545.1,24112,433.112,0.982354,192.025,0.0422084,0.651525,0.651125,2.17867,0.00222458,0.00210827,1.05517,Sousse
11933810B19204281524577,سيدي الهاني,315.755,1566,743.065,149.838,2.35329,0.474499,0.268451,0.613048,14.7815,192.985,0.611186,1.00856,0.00319411,15082.8,15079.5,10824,4255.48,0.717797,47.7675,0.0492656,0.464787,0.710246,2.20264,0.00159555,0.00129552,1.23159,Sousse
11933810B13786823130754,سيدي البشير,2.9832,15,932.239,185.402,312.497,62.1493,63.9222,76.5754,79.6941,2.9832,1,2.9832,1,25445.8,25445.8,25445.8,0,1,8529.72,0.0366362,0.117087,0.121211,0.211348,0.00200176,0.00218564,0.915867,Tunis
11933810B12415666618118,باجة الشمالية,424.326,2134,1714.43,341.138,4.04037,0.803389,0.169099,0.383657,51.5128,99.8868,0.235401,8.55751,0.0201673,77347.6,77347.6,52997.7,24349.8,0.685189,182.284,0.0221653,0.796252,0.623343,5.12515,0.00368133,0.00664368,0.55411,Béja
11933810B21725458188720,قعفور,460.302,2298,834.43,167.046,1.81279,0.363111,0.168783,0.293766,34.281,63.6553,0.13829,2.60109,0.00565084,14853,14853,7883.23,6969.8,0.530749,32.268,0.0561791,0.564919,0.739352,4.70379,0.00179174,0.00127578,1.40442,Siliana
11933810B54708226655560,المتلوي,969.137,4720,1887.72,387.289,1.94783,0.39994,0.15223,0.314472,38.4219,139.851,0.144305,6.9734,0.00719548,39073.3,38809.8,27023.6,11786.2,0.696308,40.3176,0.0483122,0.633964,0.65886,4.48062,0.00405342,0.00335616,1.20775,Gafsa
11933810B97114621769355,‫الصخیرة‬,904.913,4413,1997.24,409.562,2.20711,0.452581,0.158094,0.385398,88.8859,165.078,0.182424,5.53646,0.00611822,37103.8,37103.8,21455.6,15648.2,0.578259,41.0026,0.0538284,0.669393,0.785364,5.77884,0.00428859,0.00318699,1.34565,Sfax
11933810B76195291286542,الزاوية قصيبة الثريات,35.8642,178,1981.28,399.137,55.2439,11.1308,5.62001,28.6813,57.9285,35.8642,1,12.8929,0.359493,49191.2,49191.2,49191.2,0,1,1371.59,0.0402771,0.54214,0.376846,1.08282,0.00425432,0.00422522,1.00689,Sousse
11933810B97530891468779,المدينة الجديدة,7.76122,39,1146.51,228.16,147.723,29.3977,30.921,39.6973,43.1558,7.76122,1,7.5622,0.974356,49842.9,49842.9,49842.9,0,1,6422.04,0.0230025,0.150396,0.114766,0.272463,0.00246186,0.0042812,0.575039,Ben Arous
11933810B40013450318318,سوسة الرياض,9.66738,48,866.84,174.586,89.6665,18.0592,17.868,35.0661,46.9953,9.66738,1,7.04915,0.729168,45609.3,45609.3,45609.3,0,1,4717.86,0.0190058,0.37302,0.252641,0.655329,0.00186133,0.00391756,0.475124,Sousse
11933810B9968739853543,نفطة,1636.44,7932,1775.9,366.274,1.08522,0.223891,0.142446,0.198761,38.9409,73.3985,0.0448525,3.71121,0.00226786,22389.1,19302,12409.3,6892.7,0.642902,13.6816,0.0793198,0.412217,0.765774,5.25123,0.00381332,0.00192309,1.98291,Tozeur
11933810B18034425554259,هبيرة,314.855,1553,549.359,111.429,1.7448,0.35374,0.205099,0.411801,18.1995,98.1678,0.311787,1.01501,0.00322374,11375.8,11375.8,5526.3,5849.46,0.485796,36.1301,0.0482921,0.466989,0.743279,2.72195,0.00117962,0.000977108,1.20725,Mahdia
11933810B2611958153952,البطان,154.948,779,517.326,102.882,3.33871,0.66409,0.32733,1.02285,27.2443,109.596,0.707305,0.994158,0.00641608,17192.1,17192.1,15500,1692.09,0.901577,110.954,0.030091,0.557268,0.6988,2.58848,0.00111083,0.00147669,0.752244,Manouba
11933810B25147295271575,الحمامات,326.66,1635,5219.48,1043.15,15.9783,3.19234,0.480857,8.76572,94.6909,283.517,0.867928,29.9789,0.091774,101616,101616,100098,1517.57,0.985066,311.074,0.051365,0.7974,0.519629,2.63434,0.0112076,0.00872816,1.28407,Nabeul
11933810B34035527934296,السرس,431.41,2149,889.656,178.595,2.0622,0.413986,0.209506,0.4208,23.916,141.755,0.328586,2.4085,0.00558284,21682.5,21682.5,14565.5,7117.04,0.671762,50.2597,0.041031,0.530237,0.700308,3.51488,0.00191032,0.0018624,1.02573,El Kef
11933810B96784549406628,العمران الأعلى,3.18,16,831.887,165.34,261.6,51.993,52.9814,65.8167,74.0145,3.18,1,3.18,1,44721.4,44721.4,44721.4,0,1,14063.4,0.0186015,0.133899,0.142657,0.235385,0.00178628,0.0038413,0.465019,Tunis
11933810B58410238411456,العيون,410.142,2029,465.564,94.1285,1.13513,0.229455,0.178404,0.389372,1.91713,93.2405,0.227337,0,0,19049.7,19049.7,5345.37,13704.3,0.280602,46.4464,0.0244395,0.291542,0.377511,0.706921,0.000999686,0.00163625,0.610962,Kasserine
11933810B56753019610878,الكبارية,10.3471,52,2617.68,520.854,252.986,50.34,47.4472,88.9192,117.332,10.3471,1,9.15309,0.884601,94224.1,94224.1,94224.1,0,1,9106.3,0.0277814,0.363691,0.289273,0.635436,0.00562084,0.00809328,0.694508,Tunis
11933810B70692418830632,المروج,15.7253,79,3459.23,688.562,219.978,43.7877,45.2454,65.147,84.684,15.7253,1,15.5262,0.987341,93704.5,93704.5,93704.5,0,1,5958.83,0.0369163,0.232742,0.176757,0.407674,0.00742785,0.00804864,0.922871,Ben Arous
11933810B18047024672055,بن قردان,4791.78,22980,4488.98,934.904,0.93681,0.195343,0.117998,0.1654,37.7418,225.778,0.0471177,7.06971,0.00147538,84961.9,79734.3,46885.6,32848.8,0.588022,17.7308,0.0528353,0.439932,0.750667,4.38137,0.00963901,0.0072977,1.32083,Médenine
11933810B71937428341343,جربة اجيم,158.971,770,832.658,171.931,5.2378,1.08137,0.427266,2.14383,18.0633,129.646,0.815536,2.89146,0.0181886,25473,25473,24176.1,1296.93,0.949086,160.237,0.0326878,0.628054,0.604047,1.9589,0.00178793,0.00218798,0.817161,Médenine
11933810B22764087432985,جربة حومة السوق,164.16,796,3034.43,625.728,18.4846,3.8121,1.38572,9.24306,47.0354,163.336,0.994978,16.0836,0.0979754,82917.4,82916.3,82914.2,2.09292,0.999975,505.101,0.0365959,0.630615,0.53034,1.61087,0.00651571,0.00712209,0.914859,Médenine
11933810B67956509398297,حزوة,1281.22,6206,1214.84,250.82,0.948191,0.195753,0.152952,0.186758,24.4893,49.1453,0.0383582,0.825973,0.000644677,4890.13,2179.36,1030.67,1148.69,0.472922,3.81678,0.248427,0.269369,0.812659,2.83331,0.00260858,0.000420033,6.21042,Tozeur
11933810B81607479948477,زغوان,407.07,2037,1611.77,322.106,3.95943,0.791246,0.261095,0.902078,32.7789,231.592,0.568924,6.39558,0.0157112,44249.4,44248.8,37875.8,6372.97,0.855974,108.702,0.0364246,0.662955,0.673028,3.23521,0.00346088,0.00380075,0.910579,Zaghouan
11933810B21220731511134,سليانة الجنوبية,492.971,2453,848.767,170.465,1.72174,0.346012,0.171934,0.302662,33.3056,76.1176,0.154406,2.80979,0.00569972,28145,28145,12886.6,15258.4,0.457864,57.0926,0.030157,0.557478,0.778416,4.90182,0.00182252,0.00241748,0.753893,Siliana
11933810B70280449703815,سيدي بوزيد الغربية,422.25,2076,2551.18,518.748,6.04188,1.22889,0.295933,0.824941,73.4476,265.37,0.628467,8.53968,0.0202242,68894.4,68894.4,62175.8,6718.58,0.90248,163.16,0.0370303,0.775873,0.603589,5.00052,0.00547805,0.00591761,0.925721,Sidi Bouzid
11933810B49417994468433,غمراسن,687.344,3302,916.633,190.813,1.33359,0.277599,0.135329,0.279901,19.7129,86.4008,0.125702,1.24891,0.00181701,13830,13198.7,8914.34,4284.33,0.675397,20.1209,0.0662787,0.541188,0.680132,3.22474,0.00196825,0.00118791,1.6569,Tataouine
11933810B60005514770048,قابس الجنوبية,292.663,1418,2809.69,579.491,9.60043,1.98145,0.268215,2.20817,56.3515,158.051,0.540044,17.7345,0.0605968,78942.9,78942.9,74637.1,4305.75,0.945457,269.739,0.0355915,0.823946,0.501445,3.25585,0.00603314,0.00678071,0.88975,Gabès
11933810B64556610249653,الشابة,118.456,584,913.503,185.281,7.71177,1.56422,0.279964,3.79397,23.6127,64.2895,0.54273,6.49042,0.0547919,23858.6,23858.6,21263.3,2595.33,0.89122,201.414,0.0382882,0.763013,0.492436,2.39555,0.00196153,0.00204931,0.957166,Mahdia
11933810B13305423353951,طبرقة‎,372.116,1874,1123.53,223.003,3.01931,0.599538,0.159464,0.701622,48.9882,98.8445,0.265628,4.76272,0.012799,50502.8,50502.4,34608.6,15893.8,0.685286,135.718,0.0222469,0.732145,0.724841,3.8622,0.00241252,0.00433788,0.556151,Jendouba
11933810B30023985357701,سوق الجديد,344.556,1691,546.213,111.268,1.58527,0.323012,0.214254,0.467992,13.9539,128.937,0.37421,0.407111,0.00118155,23115,23115,13233.5,9881.47,0.572507,67.0861,0.0236303,0.409442,0.721298,1.9915,0.00117286,0.00198543,0.590733,Sidi Bouzid
11933810B8106113048091,سوق الأحد,1664.05,8076,1769.6,364.904,1.06342,0.219118,0.126604,0.166,39.0841,52.8353,0.0317509,4.33435,0.00260469,17186.4,13836,10154.4,3681.51,0.733917,10.3281,0.102965,0.471457,0.721739,5.28357,0.00379978,0.00147621,2.57401,Kébili
11933810B8352609818393,سوسة سيدي عبد الحميد,11.8837,59,2365.11,476.384,199.021,40.0866,34.5839,56.7516,148.768,11.8837,1,11.2794,0.949146,48143.3,48143.3,48143.3,0,1,4051.19,0.0491265,0.312445,0.262442,0.647377,0.0050785,0.00413521,1.22811,Sousse
11933810B4615556416921,سوسة المدينة,7.046,35,1912.92,385.103,271.49,54.6548,46.7533,80.7215,96.3491,7.046,1,7.046,1,41873,41873,41873,0,1,5942.81,0.0456838,0.204676,0.194791,0.362882,0.00410753,0.00359664,1.14205,Sousse
11933810B69163376090757,سكرة,28.6041,144,3897.86,774.328,136.269,27.0685,25.1101,49.0712,90.1451,28.6041,1,23.2419,0.812539,143488,143488,143488,0,1,5016.33,0.0271652,0.347346,0.286376,0.641261,0.00836972,0.0123247,0.679101,Ariana
11933810B55515778364888,ساقية سيدي يوسف,724.996,3617,889.704,178.347,1.22718,0.245978,0.149183,0.244171,29.7611,66.1709,0.0912707,1.60265,0.00221057,16806.5,16804,6002.53,10801.5,0.357209,23.1815,0.0529381,0.448176,0.830571,4.36528,0.00191042,0.00144358,1.3234,El Kef
11933810B89439185484115,ساقية الزيت,92.5037,454,3897.32,794.522,42.1315,8.58441,1.98568,25.1635,56.551,91.4857,0.988995,29.1542,0.315168,92068.1,92068.1,92010.8,57.2958,0.999378,995.292,0.0423309,0.655994,0.332109,1.34756,0.00836856,0.00790809,1.05823,Sfax
11933810B13645243771423,ساقية الدائر,114.551,562,3640.29,742.341,31.7789,6.47739,1.89226,20.2249,51.0825,114.551,1,26.9201,0.235007,126299,126299,126299,0,1,1102.56,0.0288229,0.650708,0.425698,1.43702,0.00781665,0.0108483,0.720542,Sfax
11933810B90990960542190,رواد,55.185,278,3318.45,658.879,60.1332,11.9369,5.45259,34.9972,61.9817,55.185,1,20.0529,0.363376,176982,176982,176982,0,1,3207.07,0.0187502,0.573627,0.435423,1.16297,0.00712557,0.0152017,0.468737,Ariana
11933810B4282823233173,دوز الشمالية,2636.61,12701,3590.43,744.543,1.36176,0.282689,0.131799,0.190719,71.2843,132.195,0.0501384,10.5661,0.00400745,22508.7,18142.1,17493.9,648.205,0.964271,8.53701,0.159513,0.568201,0.656434,7.17247,0.00770959,0.00193336,3.98766,Kébili
11933810B49944749177942,دوز الجنوبية,5185.6,24902,3859.78,803.056,0.744327,0.154999,0.126981,0.178749,59.7661,125.854,0.0242698,2.28171,0.000440009,20848.7,11981.3,5771.94,6209.38,0.481745,4.02051,0.185133,0.247193,0.825181,4.27209,0.00828795,0.00179078,4.62813,Kébili
11933810B69098282317118,دوار هيشر,8.74532,44,1087.03,216.068,124.298,24.7052,22.7707,44.1604,57.5592,8.74532,1,6.75803,0.77276,98371.9,98371.9,98371.9,0,1,11248.5,0.0110502,0.358229,0.267689,0.626863,0.00233413,0.00844954,0.276243,Manouba
11933810B9429743875970,دار شعبان الفهري,67.4504,338,1011.18,201.922,14.9915,2.99166,0.563331,5.89139,51.9251,67.4504,1,5.79172,0.0858664,41527.9,41527.9,41527.9,0,1,615.68,0.0243495,0.774302,0.453654,2.71514,0.00217127,0.00356699,0.608711,Nabeul
11933810B96031064721664,حي التضامن,3.37882,17,462.863,91.9969,136.989,27.2272,26.0556,35.1747,35.7862,3.37882,1,3.37882,1,69843.9,69843.9,69843.9,0,1,20671.1,0.0066271,0.119246,0.10887,0.208005,0.000993886,0.00599917,0.165671,Ariana
11933810B92430147648185,حمام سوسة,18.5132,92,2987.95,601.268,161.396,32.4777,29.2608,56.7836,74.8328,18.5132,1,16.299,0.880401,60196.9,60196.9,60196.9,0,1,3251.57,0.0496362,0.326699,0.249384,0.572322,0.0064159,0.00517055,1.24085,Sousse
11933810B65786338139889,حلق الوادي,20.6703,104,2957.55,587.807,143.082,28.438,19.8511,63.7314,125.969,20.6703,1,12.7195,0.615353,56230.6,56230.6,56230.6,0,1,2720.36,0.0525969,0.478124,0.245664,0.886863,0.00635063,0.00482987,1.31487,Tunis
11933810B70107776875396,جرزونة,6.7202,34,1031.47,203.868,153.488,30.3374,31.3553,48.4379,51.0253,6.7202,1,5.92953,0.882345,24092.8,24092.8,24092.8,0,1,3585.13,0.0428125,0.282109,0.231281,0.495143,0.00221484,0.00206942,1.07027,Bizerte
11933810B38507486646045,جدليان,273.22,1354,473.311,95.5329,1.73235,0.349565,0.191827,0.403724,28.4857,79.3027,0.290253,1.00968,0.00369549,11536.3,11536.3,6238.17,5298.16,0.540741,42.2237,0.0410278,0.502358,0.80366,3.78404,0.00101632,0.000990901,1.02565,Kasserine
11933810B63287447977470,جبل الجلود,4.57534,23,975.543,194.059,213.218,42.4149,42.3069,56.4718,57.7057,4.57534,1,4.57534,1,19603.5,19603.5,19603.5,0,1,4284.61,0.0497636,0.155964,0.156477,0.276262,0.00209474,0.00168382,1.24404,Tunis
11933810B92881576006474,تينجة,57.6209,291,362.369,71.7256,6.28885,1.24525,0.24827,3.38004,17.4436,28.7088,0.498236,1.97905,0.0343461,32355.9,32355.9,30244.4,2111.41,0.934744,561.53,0.0111995,0.740708,0.498091,2.32305,0.0007781,0.00277917,0.279976,Bizerte
11933810B62164441904454,توزر,815.875,3958,2642.84,544.604,3.23927,0.667721,0.159188,0.443185,53.9386,178.03,0.218207,12.1572,0.0149008,50880.9,50188.2,43363.6,6824.55,0.864021,62.3637,0.0519416,0.75953,0.604746,4.9801,0.00567486,0.00437036,1.29849,Tozeur
11933810B67504768334789,تمغزة,884.751,4311,864.285,177.3,0.976867,0.200484,0.144526,0.200099,12.3815,57.1876,0.0646369,0.204934,0.000231629,6284.91,4928.46,2552.74,2375.71,0.51796,7.10359,0.137517,0.327649,0.726588,2.13308,0.00185584,0.000539836,3.43779,Tozeur
11933810B41543815367913,تطاوين الجنوبية,1893.5,9070,2164.68,451.585,1.14322,0.238664,0.11014,0.172366,39.333,111.582,0.058929,6.04522,0.00319262,62099.1,61081.8,37621,23460.8,0.615912,32.796,0.0348585,0.570497,0.701886,5.63309,0.00464813,0.00533393,0.871426,Tataouine
11933810B76558874378908,تاجروين,718.155,3573,1380.84,277.687,1.92275,0.386464,0.178734,0.36263,43.3863,152.247,0.211997,3.21902,0.00448234,26637,26637,15170.1,11466.9,0.569514,37.0909,0.051839,0.56772,0.777063,4.46287,0.00296501,0.00228795,1.29592,El Kef
11933810B84931460768485,بئر علي بن خليفة,1199.33,5876,1444.66,294.854,1.20456,0.245858,0.180732,0.277998,25.2177,176.547,0.147205,2.04073,0.00170156,53471.8,53471.8,20269.4,33202.4,0.379067,44.5847,0.0270172,0.330305,0.816446,3.24816,0.00310206,0.0045929,0.675403,Sfax
11933810B19780106503049,بئر الأحمر,242.839,1168,461.734,95.9939,1.9014,0.39532,0.175079,0.505369,13.1254,53.8473,0.221741,0.831372,0.00342356,9300.57,9300.57,6478,2822.57,0.696517,38.2994,0.0496458,0.566492,0.628317,2.50945,0.000991463,0.000798862,1.24109,Tataouine
11933810B69037134075078,بوفيشة,261.857,1308,1260.59,252.314,4.81403,0.963752,0.358492,1.29621,43.0089,206.795,0.789725,4.20241,0.0160485,27188.3,27187.1,25117.6,2069.55,0.923877,103.829,0.046365,0.64611,0.724509,3.1112,0.00270681,0.00233531,1.15908,Sousse
11933810B70885239011208,بو عرقوب,128.904,646,1011.15,201.76,7.8442,1.56524,0.732813,3.02396,27.7755,127.906,0.992257,3.59184,0.0278645,31242.5,31242.5,31198.7,43.8909,0.998595,242.371,0.0323644,0.575306,0.616316,1.87193,0.00217119,0.00268354,0.809076,Nabeul
11933810B39767465855300,بني خلاد,113.395,569,1023.58,203.962,9.02668,1.79891,0.722383,3.00124,32.2939,112.797,0.99473,4.38334,0.0386555,40388.6,40388.6,40361.6,26.977,0.999332,356.176,0.0253433,0.634999,0.588523,2.24239,0.00219789,0.00346913,0.633556,Nabeul
11933810B3817841111611,برقو,447.424,2230,441.526,88.5904,0.986816,0.197994,0.142234,0.224267,16.8649,34.112,0.0762409,0.802641,0.00179391,11930.1,11930.1,3889.59,8040.47,0.326033,26.6639,0.0370095,0.36717,0.799461,3.23588,0.00094807,0.00102472,0.9252,Siliana
11933810B17084695603021,برج العامري,172.267,865,658.267,131.07,3.8212,0.761003,0.406933,1.10562,14.5974,153.337,0.890111,0.995475,0.00577866,19626.3,19626.3,19172.9,453.413,0.976898,113.929,0.0335401,0.513702,0.615026,1.78817,0.00141347,0.00168578,0.838468,Manouba
11933810B61318752024090,الوردية,3.97841,20,1045.54,207.978,262.804,52.277,57.4984,70.0072,72.7625,3.97841,1,3.97841,1,31807.6,31807.6,31807.6,0,1,7995.06,0.0328708,0.181629,0.159432,0.326397,0.00224505,0.00273208,0.821736,Tunis
11933810B40616905411348,الوردانين,51.6256,256,575.98,116.143,11.1569,2.24992,1.07948,3.94255,30.6108,51.6256,1,2.82288,0.0546799,22103.6,22103.6,22103.6,0,1,428.153,0.0260581,0.581465,0.553865,1.82087,0.00123678,0.00189857,0.651427,Monastir
11933810B72032041676540,المنزه,9.73856,49,3028.86,601.971,311.018,61.8135,61.2397,82.6449,90.358,9.73856,1,9.73856,1,44307.1,44307.1,44307.1,0,1,4549.66,0.0683606,0.140191,0.134037,0.246577,0.00650375,0.00380571,1.70894,Tunis
11933810B15261795399084,الكرم,9.53821,48,2305.7,458.168,241.733,48.0355,49.9816,60.3663,69.0193,9.53821,1,9.53821,1,66085.3,66085.3,66085.3,0,1,6928.47,0.0348898,0.124784,0.111197,0.222584,0.00495094,0.00567632,0.87221,Tunis
11933810B46924105449942,القلعة الكبرى,231.619,1151,1991.01,400.616,8.59609,1.72981,0.437242,2.27467,37.7071,194.775,0.84093,11.067,0.0477813,67730.1,67730.1,66166.4,1563.61,0.976914,292.42,0.0293963,0.745211,0.530508,2.78983,0.00427522,0.0058176,0.734878,Sousse
11933810B31167158349382,القلعة الصغرى,102.719,510,1289.87,259.724,12.5572,2.52915,0.420195,5.74294,38.4844,85.7956,0.835246,7.65112,0.0744859,49945.3,49945.3,49500.7,444.6,0.991098,486.232,0.0258256,0.765278,0.448994,2.35438,0.00276968,0.00429,0.645613,Sousse
11933810B49043051728800,القلعة الخصباء,205.25,1018,356.837,71.9587,1.73855,0.350528,0.189771,0.365542,17.7688,43.7589,0.213198,0.80684,0.00393101,6365.38,6365.38,4138.67,2226.71,0.650184,31.0128,0.056059,0.491217,0.685852,2.9793,0.000766222,0.000546747,1.40142,El Kef
11933810B67570722535168,الفوار‬,9714.14,46729,7360.42,1529.58,0.757702,0.157513,0.136072,0.167734,61.8913,167.772,0.0172709,2.07382,0.000213485,20964,11324.3,7083.23,4241.02,0.625492,2.15809,0.351098,0.206149,0.790518,3.81525,0.0158047,0.00180068,8.77709,Kébili
11933810B99487931603822,الفحص,931.139,4652,1683.86,336.822,1.80839,0.361965,0.16654,0.353091,44.0928,194.21,0.208573,5.39838,0.00579762,47781.3,47781.3,27599.4,20181.9,0.577619,51.315,0.035241,0.599442,0.766333,5.04393,0.00361568,0.00410413,0.880988,Zaghouan
11933810B8760132099835,الغريبة,428.74,2095,643.201,131.638,1.50021,0.307017,0.170578,0.270064,25.4772,51.3746,0.119827,1.84194,0.00429617,10564.5,10564.5,4660.65,5903.82,0.441163,24.6407,0.0608834,0.482193,0.786763,3.8706,0.00138112,0.000907423,1.52202,Sfax
11933810B5953362566301,السبيخة,1063.32,5289,1816.02,365.107,1.70788,0.343359,0.210014,0.465456,27.5089,371.6,0.349471,2.61525,0.0024595,88952.5,88952.3,49051.9,39900.4,0.55144,83.6551,0.0204157,0.439969,0.784092,2.76377,0.00389947,0.00764047,0.510371,Kairouan
11933810B1906058680343,الساحلين,42.5311,211,1677.16,338.035,39.4338,7.94862,4.42037,19.916,45.3812,42.5311,1,11.4881,0.270112,30824.4,30824.4,30824.4,0,1,724.75,0.0544101,0.526345,0.437483,1.09841,0.0036013,0.00264763,1.3602,Monastir
11933810B82782291879884,الدهماني,541.572,2694,1061.54,213.416,1.96011,0.39404,0.198726,0.37574,29.3774,136.913,0.252806,3.01617,0.00556928,25421.3,25421.3,16025,9396.37,0.630375,46.9399,0.041758,0.53372,0.720265,3.9191,0.00227941,0.00218354,1.04391,El Kef
11933810B93810808295366,الحرائرية,23.8658,120,2349.27,467.215,98.437,19.5773,17.6199,43.9443,59.6354,23.8658,1,13.3248,0.558324,97287.6,97287.6,97287.6,0,1,4076.45,0.0241477,0.504003,0.251564,0.906352,0.0050445,0.00835641,0.603668,Tunis
11933810B26016099352541,الجريصة,171.551,852,562.733,113.287,3.28028,0.660485,0.215028,0.824525,21.6009,64.0176,0.37317,1.81169,0.0105607,8526.25,8526.25,6503.99,2022.26,0.76282,49.7011,0.0660001,0.667461,0.63953,2.91201,0.00120833,0.000732353,1.64993,El Kef
11933810B19311233217993,البقالطة,40.3839,200,777.375,156.944,19.2497,3.88688,1.61715,8.31593,44.0035,40.3839,1,3.02812,0.0749834,16752.5,16752.5,16752.5,0,1,414.831,0.0464036,0.645703,0.5697,1.74394,0.00166923,0.00143894,1.16004,Monastir
11933810B52939615202666,أكودة,45.053,224,2054.07,413.194,45.5923,9.16996,4.46498,24.5149,52.3788,45.053,1,14.2815,0.316993,44059.6,44059.6,44059.6,0,1,977.95,0.0466203,0.557502,0.420928,1.13504,0.00441062,0.00378445,1.16546,Sousse
11933810B85991761590163,أريانة المدينة,18.6755,94,4223.46,839.144,226.15,44.9304,51.0462,73.6448,97.9269,18.6755,1,15.6957,0.840443,129471,129471,129471,0,1,6932.68,0.0326209,0.318087,0.236727,0.559427,0.00906886,0.0111208,0.815489,Ariana
11933810B91048903383845,Menzel Chaker,1628.82,8007,3126.79,636.421,1.91967,0.390507,0.181412,0.362074,241.577,366.101,0.224765,2.6468,0.00162499,38095.7,38095.7,14991.8,23104,0.393529,23.3886,0.0820772,0.571145,0.903379,10.9355,0.00671403,0.00327219,2.05185,Sfax
11933810B64295465131340,El Hencha,525.359,2586,1600.91,325.298,3.04726,0.619067,0.303259,0.769122,37.0099,370.403,0.705048,4.47126,0.00851086,53066.4,53066.4,45625.9,7440.52,0.859788,101.01,0.030168,0.545589,0.744301,3.11611,0.00343756,0.00455808,0.754169,Sfax
11933810B39381734454792,Carthage,8.34485,42,1528.94,303.777,183.22,36.4034,35.8162,50.4639,67.0586,8.34485,1,8.34485,1,26336.2,26336.2,26336.2,0,1,3155.98,0.0580548,0.199187,0.188103,0.350993,0.00328304,0.00226212,1.45131,Tunis
11933810B27500273818749,Bou Salem,283.064,1419,945.705,188.581,3.34096,0.666459,0.271707,0.757913,36.1549,165.338,0.584103,3.78761,0.0133808,25890.4,25890.4,21977.4,3913.04,0.848862,91.4651,0.0365272,0.61429,0.670518,3.43567,0.00203067,0.00222383,0.913143,Jendouba
11933810B50492442899568,Balta Bouawene,295.915,1486,585.343,116.605,1.97808,0.393905,0.210039,0.459881,22.624,110.75,0.374263,1.39526,0.00471507,45665.7,45663.5,22472.1,23191.5,0.492123,154.321,0.012818,0.53441,0.80745,3.25888,0.00125688,0.0039224,0.320437,Jendouba
11933810B69695767821716,غار الملح,93.6117,473,507.893,100.524,5.42553,1.07377,0.45182,2.69437,11.5938,92.0287,0.98309,0.395898,0.00422915,15123.3,15123.3,14933.3,189.996,0.987437,161.554,0.0335834,0.5451,0.556269,1.40399,0.00109058,0.001299,0.839551,Bizerte
11933810B79768086949873,وادي اللیل‬,57.8424,291,1575.84,313.218,27.2436,5.41525,2.9281,15.104,23.8321,57.8424,1,9.34166,0.161502,96742,96742,96742,0,1,1672.51,0.0162891,0.503548,0.414383,1.04976,0.00338373,0.00830955,0.40721,Manouba
11933810B94389885221206,واد مليز,198.512,994,383.105,76.5099,1.92988,0.385417,0.236895,0.494643,18.1665,89.6705,0.451713,0.39942,0.00201207,17947.3,17947.3,13153.4,4793.82,0.732894,90.4088,0.0213461,0.458427,0.725427,2.60958,0.000822625,0.00154156,0.533631,Jendouba
11933810B20916595248179,هرقلة,84.9454,423,905.458,181.844,10.6593,2.14056,0.498815,4.17896,35.5767,84.9454,1,4.82022,0.0567449,9808.26,9808.26,9808.26,0,1,115.465,0.0923158,0.724182,0.604436,2.43292,0.00194425,0.00084247,2.3078,Sousse
11933810B90101987139089,العالية,84.3133,426,424.132,83.9334,5.03043,0.995616,0.425249,1.37627,16.753,83.7192,0.992955,1.18731,0.0140821,33986.4,33986.4,33941.7,44.672,0.998686,403.097,0.0124795,0.566407,0.617148,1.98974,0.000910722,0.00291922,0.311974,Bizerte
11933810B20445335117262,الشراردة,328.879,1620,655.627,133.126,1.99352,0.404708,0.252394,0.465397,20.192,168.705,0.512968,1.0156,0.00308807,24490.8,24490.8,17073,7417.78,0.69712,74.4674,0.0267703,0.438668,0.77192,2.86921,0.0014078,0.00210361,0.669231,Kairouan
11933810B77374835127738,حمام الشط,25.8872,130,1222.61,243.41,47.2282,9.40466,1.8026,32.3367,52.4255,25.8872,1,8.36153,0.322999,39526.9,39526.9,39526.9,0,1,1526.89,0.030931,0.661399,0.375614,1.38874,0.00262525,0.00339512,0.773242,Ben Arous
11933810B69090870616601,تيبار,114.371,573,190.372,37.9953,1.66452,0.332238,0.191054,0.39319,8.05228,32.1273,0.280904,0,0,11427.4,11427.4,6573.51,4853.92,0.57524,99.9154,0.0166592,0.471702,0.688124,2.21601,0.000408778,0.000981546,0.416464,Béja
11933810B93719080710322,‫المحرس‬,431.785,2111,3606.5,737.363,8.35255,1.70843,0.233455,1.4298,292.236,192.628,0.44612,8.99777,0.0208385,50434.4,50434.4,45260.2,5174.16,0.897408,116.804,0.0715088,0.850736,0.756178,7.69898,0.0077441,0.004332,1.78765,Sfax
11933810B77110081230007,بلخير,839.188,4092,615.579,126.252,0.733541,0.150435,0.127408,0.175153,14.622,23.3853,0.0278665,0.205208,0.000244532,15435.6,15415.2,3132.16,12283,0.203187,18.3935,0.0398803,0.236191,0.777045,2.08318,0.00132181,0.00132583,0.996968,Gafsa
11933810B27365957956997,العامرة,179.534,882,898.774,182.915,5.00614,1.01902,0.432471,2.22011,19.2754,172.815,0.962575,1.6277,0.00906621,31662.5,31662.5,31173.1,489.442,0.984542,176.359,0.028386,0.562493,0.626679,1.75437,0.0019299,0.00271962,0.709621,Sfax
11933810B63201722786618,الكريب,424.05,2120,882.953,176.633,2.08219,0.416487,0.170384,0.369962,40.7187,82.6164,0.194827,2.80087,0.00660505,19524.1,19524.1,10577.7,8946.35,0.541778,46.0419,0.0452238,0.619004,0.759992,5.07616,0.00189593,0.001677,1.13055,Siliana
11933810B80970548575435,باب بحر,10.9365,55,2874.28,571.506,262.817,52.2597,44.9393,119.49,156.865,10.9365,1,6.95942,0.636351,24283.1,24283.1,24283.1,0,1,2220.38,0.118366,0.501807,0.239979,0.910364,0.00617183,0.00208577,2.95902,Tunis
11933810B4327996675990,الزهراء,7.56139,38,1009.88,200.958,133.558,26.5759,26.8118,44.253,49.2159,7.56139,1,6.16868,0.815813,40854.7,40854.7,40854.7,0,1,5403.07,0.0247189,0.307122,0.223035,0.534979,0.00216848,0.00350917,0.617947,Ben Arous
11933810B23225476199680,العمران,4.77101,24,1192.22,237.004,249.888,49.6757,47.0596,71.1143,77.003,4.77101,1,4.77101,1,39160,39160,39160,0,1,8207.91,0.0304448,0.155819,0.147489,0.280953,0.00256,0.0033636,0.761088,Tunis
11933810B16314159892818,مقرين,10.5423,53,1589.67,316.213,150.79,29.9938,28.889,53.1551,63.5099,10.5423,1,7.95659,0.754732,34676,34676,34676,0,1,3289.23,0.0458435,0.355632,0.19931,0.620708,0.00341343,0.00297846,1.14604,Ben Arous
11933810B99011573109347,بومهل البساتين,20.1042,101,1490.65,296.695,74.1463,14.7589,10.9154,31.752,45.6947,20.1042,1,11.3451,0.564312,41329.9,41329.9,41329.9,0,1,2055.78,0.0360672,0.413668,0.330913,0.762314,0.00320082,0.00354998,0.901644,Ben Arous
11933810B49298312402477,جربة ميدون,187.437,908,3097.42,639.146,16.5251,3.41126,1.00043,9.90817,50.2748,178.554,0.952609,18.3622,0.0979647,68167.6,68167.6,67674.8,492.809,0.992771,363.683,0.0454383,0.683536,0.532993,1.78398,0.00665097,0.00585518,1.13591,Médenine
11933810B14386581864910,حي الخضراء,36.1751,182,6815.16,1354.49,188.394,37.4459,25.7903,84.3048,146.198,36.1751,1,22.4584,0.620824,20760.5,20760.3,20760.3,0,1,573.89,0.328275,0.502772,0.315431,0.918069,0.0146339,0.0017832,8.20654,Tunis
11933810B30705450500253,المرناقية,260.058,1306,2079.78,413.952,7.99737,1.59248,0.811918,3.02855,36.8634,236.931,0.911068,5.37277,0.0206599,49599.1,49599.1,49371.6,227.514,0.995413,190.723,0.0419318,0.59726,0.601383,2.01544,0.00446583,0.00426026,1.04825,Manouba
11933810B74832609224245,بنبلة,48.4098,240,1347.64,271.819,27.8381,5.61516,2.9335,13.9352,31.8167,48.4098,1,8.47153,0.174996,35744.8,35744.8,35744.8,0,1,738.379,0.0377017,0.536026,0.425732,1.13247,0.00289373,0.00307026,0.942503,Monastir
11933810B54416453623,سيدي بوزيد الشرقية,791.888,3897,3036.7,617.283,3.83476,0.779241,0.277179,0.728414,73.0798,470.66,0.594352,7.92941,0.0100133,60378.8,60378.8,48279.9,12098.9,0.799617,76.2466,0.0502941,0.669041,0.785738,5.13332,0.00652058,0.00518617,1.2573,Sidi Bouzid
11933810B98016623241881,سيدي ثابت,97.2932,490,1384.4,274.902,14.2292,2.82531,1.58091,5.20861,40.4215,97.2932,1,4.17026,0.0428629,56069.1,56069.1,56069.1,0,1,576.29,0.0246909,0.507519,0.521323,1.42504,0.00297267,0.004816,0.617248,Ariana
11933810B21257507323383,سيدي حسين,64.6762,325,3187.51,634.2,49.284,9.80771,4.36685,31.5553,56.2401,64.6762,1,17.1103,0.264553,106510,106510,106510,0,1,1646.81,0.0299269,0.570746,0.481316,1.25068,0.0068444,0.00914852,0.748143,Tunis
11933810B7200177865373,سبيطلة,1113.03,5489,2468.78,500.676,2.21807,0.449768,0.215459,0.562513,40.3386,432.462,0.388546,5.47582,0.00491976,78834.1,78834.1,56357,22477,0.714882,70.8285,0.0313161,0.565198,0.742283,3.85925,0.0053011,0.00677136,0.782871,Kasserine
11933810B17375886890417,حمام الأنف,11.147,56,1011.46,201.318,90.7384,18.0619,6.67391,47.9477,62.8417,11.147,1,4.97587,0.446385,42094.8,42094.8,42094.8,0,1,3776.32,0.0240283,0.553831,0.315373,1.04359,0.00217187,0.00361568,0.600682,Ben Arous
11933810B52074179872789,فريانة,1002.87,4931,2366.56,481.549,2.35979,0.479934,0.182809,0.456246,41.5859,271.097,0.270322,9.97275,0.00994423,54466.8,54456,36380.8,18075.2,0.668077,54.3111,0.0434495,0.644199,0.693776,4.12783,0.00508161,0.00467837,1.08619,Kasserine
11933810B3034727793195,تستور,640.083,3210,1304.09,260.008,2.03738,0.40626,0.183861,0.460713,31.9897,170.449,0.266291,2.7917,0.00436146,34619,34596.7,22749.1,11847.6,0.657551,54.0851,0.0376699,0.574379,0.742727,3.50506,0.00280023,0.00297356,0.941709,Béja
11933810B37862088791511,حاجب العيون,586.864,2900,1077.83,218.152,1.83659,0.371665,0.18579,0.381458,32.9236,132.167,0.22521,3.03644,0.00517401,36358.9,36356.5,19632.1,16724.4,0.539988,61.9546,0.0296441,0.53301,0.771572,4.45635,0.00231437,0.00312301,0.741071,Kairouan
11933810B10014638911734,حاسي الفريد,964.676,4740,928.214,188.897,0.962203,0.195826,0.158377,0.25757,8.47026,107.042,0.110961,0,0,20274,20274,5001.57,15272.4,0.246699,21.0163,0.0457836,0.256043,0.698651,1.33825,0.00199312,0.00174141,1.14454,Kasserine
11933810B29864184441707,بئر مشارقة,532.053,2666,2152.32,429.496,4.0453,0.80732,0.343324,1.0816,32.4645,398.093,0.74822,7.18344,0.0135014,31844.9,31842.1,29255.8,2586.31,0.918777,59.8529,0.0675874,0.612063,0.658195,2.58223,0.00462158,0.00273528,1.68962,Zaghouan
11933810B5291941008457,Jendouba Sud,252.428,1264,1949.13,389.128,7.72153,1.54203,0.354036,1.37572,48.5207,173.506,0.687349,8.38435,0.0332148,62544.8,62544.8,58712.1,3832.67,0.938721,247.773,0.0311638,0.769475,0.551347,3.50738,0.00418529,0.00537221,0.779062,Jendouba
11933810B48763821279010,Kerkennah,150.439,737,1081.33,220.735,7.18784,1.46721,0.310928,2.58978,77.3515,93.6977,0.622828,4.2869,0.0284959,14887.6,14887.6,12867.3,2020.28,0.864298,98.9608,0.0726331,0.75033,0.66933,3.33149,0.0023219,0.00127875,1.81575,Sfax
11933810B23318166280957,الروحية,652.011,3231,744.046,150.15,1.14116,0.230284,0.164282,0.291988,23.3656,97.678,0.14981,0.807147,0.00123793,25052.5,25052.5,9347.87,15704.6,0.373132,38.4234,0.0296995,0.345602,0.810859,2.99121,0.00159766,0.00215185,0.742458,Siliana
11933810B792600527731,السيجومي,2.38643,12,643.756,128.019,269.757,53.6463,51.2357,87.0058,103.501,2.38643,1,2.38643,1,24549.9,24549.9,24549.9,0,1,10287.3,0.0262223,0.244636,0.221518,0.440068,0.00138231,0.00210869,0.655532,Tunis
11933810B49393262252767,أم العرائس,971.565,4750,1488.35,304.501,1.53191,0.313338,0.154916,0.267582,28.0094,110.455,0.113688,4.50294,0.00463473,24139.2,24118.6,14429.9,9688.72,0.598289,24.8457,0.0616571,0.539036,0.671922,4.22503,0.00319588,0.00207341,1.54137,Gafsa
11933810B59766353296810,سليانة الشمالية,384.233,1914,1102.76,221.318,2.87002,0.576152,0.187921,0.40997,41.8639,90.9242,0.236638,5.01662,0.0130562,33858.3,33855.1,22053.9,11801.3,0.651419,88.1194,0.0325697,0.679025,0.678449,4.56579,0.0023679,0.00290822,0.814208,Siliana
11933810B38672190318546,ذهيبة,3211.31,15243,7240.19,1522.74,2.25459,0.474984,0.13693,0.294509,272.247,412.745,0.128529,14.5122,0.00451909,4357.41,2003.44,1939.1,64.3476,0.967882,1.3569,1.66158,0.732558,0.77522,12.4458,0.0155466,0.000374275,41.5378,Tataouine
11933810B45404698681959,جومين,552.301,2781,587.076,116.57,1.06296,0.211102,0.147497,0.228342,15.4466,44.073,0.0797989,0.793649,0.00143699,27032.2,27032.2,6944.15,20088.1,0.256884,48.9447,0.0217176,0.366892,0.771312,2.78854,0.0012606,0.0023219,0.542919,Bizerte
11933810B14634667217503,بومرداس,190.815,943,1130.42,228.685,5.92421,1.19875,0.485052,2.46877,24.1129,175.234,0.918347,3.23616,0.0169597,33314.5,33314.5,32388.3,926.151,0.9722,174.591,0.0339319,0.617474,0.609655,1.98306,0.00242731,0.00286151,0.848263,Mahdia
11933810B855044538504,بني خيار,105.16,527,1577.45,314.928,15.0005,2.99327,0.871369,8.4431,37.7565,105.16,1,9.58457,0.0911426,45625.6,45625.6,45625.6,0,1,433.868,0.0345738,0.69464,0.509784,2.00835,0.0033872,0.00391896,0.864309,Nabeul
11933810B10530629108425,بوحجلة,685.436,3385,1562.44,316.354,2.27948,0.461577,0.298848,0.589662,39.4783,456.044,0.665335,2.63159,0.0038393,74461.6,74461.6,60273.5,14188,0.809459,108.634,0.0209832,0.442156,0.80085,3.31249,0.00335496,0.00639579,0.524558,Kairouan
11933810B94035776455507,الهوارية,309.361,1559,932.81,185.013,3.01528,0.598338,0.263218,0.917257,23.5446,162.277,0.524556,2.57677,0.00832935,38798.3,38798.3,29424.9,9373.44,0.758406,125.414,0.0240425,0.598229,0.726327,2.58755,0.00200298,0.00333254,0.601039,Nabeul
11933810B85459320583034,صواف,251.467,1255,428.66,85.8944,1.70464,0.341562,0.223449,0.407547,10.9878,92.9883,0.369784,0.200321,0.000796612,13759.5,13759.5,7204.39,6555.16,0.523592,54.7172,0.0311536,0.425145,0.665015,1.91735,0.000920444,0.00118186,0.778809,Zaghouan
11933810B73279713716236,بئر الحفي,512.854,2518,1157.35,235.67,2.25669,0.459631,0.215884,0.473712,26.613,192.632,0.375608,3.66457,0.00714544,41170.2,41170.2,29721.3,11448.9,0.721912,80.2766,0.0281114,0.567528,0.692453,3.62518,0.00248513,0.00353627,0.702756,Sidi Bouzid
11933810B41984965215358,الجديدة,182.586,919,1254.26,249.245,6.86943,1.36481,0.711906,2.20903,18.707,180.006,0.985869,4.1729,0.0228545,55658.9,55658.9,55568.9,89.9589,0.998384,304.837,0.0225348,0.554579,0.550265,1.72687,0.00269322,0.00478076,0.563346,Manouba
11933810B94695140482222,المحمدية,96.6305,485,1912.54,380.946,19.7923,3.94338,1.13956,9.95114,50.6584,96.6305,1,9.55981,0.0989316,77273.7,77273.7,77273.7,0,1,799.682,0.0247502,0.692702,0.522949,2.01141,0.00410671,0.00663734,0.618729,Ben Arous
11933810B14836095916482,القيروان الشمالية,250.546,1243,3783.08,762.957,15.0994,3.04351,0.361443,3.81272,88.5168,191.513,0.764381,15.7321,0.0627911,123819,123819,110209,13609.9,0.890082,494.198,0.0305532,0.841901,0.743059,3.39564,0.00812326,0.0106353,0.7638,Kairouan
11933810B63421014427866,الكاف الغربية,212.956,1062,973.513,195.189,4.57143,0.916679,0.196926,0.792651,34.7733,79.207,0.371941,5.614,0.0263623,34493.6,34493.6,29032.5,5461.02,0.84168,161.975,0.028223,0.76707,0.563642,3.63002,0.00209038,0.00296279,0.705547,El Kef
11933810B49902378284824,نبر,716.054,3579,1096.63,219.42,1.53149,0.306407,0.166225,0.285476,19.285,104.234,0.145567,2.00134,0.00279495,24314.1,24303,10905.7,13397.3,0.448739,33.9557,0.0451027,0.500341,0.749541,3.1374,0.00235475,0.00208843,1.12752,El Kef
11933810B14406608577982,ملولش,159.348,785,458.512,93.0742,2.87742,0.584092,0.317891,0.980644,12.2632,118.343,0.742673,0.609017,0.00382193,23403.6,23403.6,20097.6,3305.92,0.858743,146.871,0.0195916,0.486837,0.664161,1.78815,0.000984544,0.00201022,0.489769,Mahdia
11933810B90184807818123,منزل بوزيان,551.846,2701,728.347,148.83,1.31984,0.269658,0.166235,0.322471,13.3722,103.789,0.188076,1.02238,0.00185265,25400.2,25400.2,10854,14546.2,0.427321,46.0277,0.0286748,0.431332,0.763223,2.66273,0.00156395,0.00218172,0.716841,Sidi Bouzid
11933810B99005067592963,جمال,156.249,774,2235.89,451.345,14.3097,2.88874,0.796791,6.85792,55.1417,156.249,1,11.506,0.0736388,74170.1,74170.1,74170.1,0,1,474.69,0.0301454,0.709201,0.55007,2.25501,0.00480103,0.00637075,0.753604,Monastir
11933810B7896937975348,بني خداش,1353.74,6517,1188.54,246.863,0.877969,0.182376,0.130635,0.20084,19.0736,73.7169,0.0544542,1.6615,0.00122734,23918.6,22642.1,7598.79,15043.3,0.335605,17.6685,0.0496911,0.344492,0.806509,3.18707,0.00255211,0.00205446,1.24223,Médenine
11933810B80105937964230,تبرسق,393.69,1971,718.444,143.505,1.8249,0.364508,0.164213,0.3127,24.3282,60.3255,0.153231,2.19713,0.00558087,20994.7,20994.7,13328.3,7666.43,0.63484,53.3281,0.0342202,0.574764,0.681721,3.81671,0.00154269,0.00180332,0.855471,Béja
11933810B23550451682072,المكنين,195.826,969,2729.85,551.325,13.9402,2.81718,0.830972,5.86311,54.8391,195.826,1,11.9101,0.06082,94408.1,94407.1,94407.1,0,1,482.103,0.0289154,0.682404,0.604552,2.25626,0.00586169,0.00810908,0.722855,Monastir
11933810B26778140305408,المنستير,61.873,307,4715.8,950.287,76.2175,15.3609,10.1257,37.9548,84.6125,61.873,1,31.0329,0.501558,112495,112495,112495,0,1,1818.16,0.0419201,0.530561,0.368086,1.02483,0.010126,0.00966264,1.04796,Monastir
11933810B93469460723803,والد شامخ,323.438,1599,657.375,132.95,2.03246,0.411117,0.251472,0.589566,19.6839,163.638,0.505932,0.606586,0.00187543,23980.9,23979.8,16711.1,7268.69,0.696883,74.1437,0.0274125,0.431269,0.733256,2.16878,0.00141155,0.00205981,0.685284,Mahdia
11933810B66279865706920,قفصة الجنوبية,746.814,3647,3345.25,685.19,4.47936,0.917259,0.176673,0.410759,66.4868,127.62,0.170886,16.3863,0.0219417,93636.8,93636.8,80375.2,13261.6,0.858372,125.382,0.0357258,0.804468,0.540798,4.93931,0.00718311,0.00804282,0.893107,Gafsa
11933810B57085806890021,سيدي علوان,287.005,1416,751.439,152.256,2.61821,0.530677,0.315433,0.776232,15.5169,208.322,0.725846,1.41739,0.00493856,37292.4,37292.4,32872.9,4419.54,0.881489,129.936,0.0201499,0.454606,0.692461,2.02466,0.00161353,0.00320319,0.503727,Mahdia
11933810B48053950180724,الرقاب,1032.61,5068,2125.98,433.157,2.05885,0.419491,0.230195,0.457203,88.0187,443.491,0.429487,3.87162,0.00374937,68285.8,68285.8,45650.6,22635.2,0.668523,66.1295,0.0311336,0.511211,0.830953,5.68783,0.00456503,0.00586533,0.778308,Sidi Bouzid
11933810B22312000664115,نفزة,597.459,3012,624.069,123.804,1.04454,0.207194,0.12182,0.214086,17.496,44.046,0.0737223,1.38866,0.00232427,45393.5,45385.1,16478.6,28906.6,0.363083,75.9776,0.013748,0.48375,0.800793,3.93788,0.00134004,0.00389902,0.343685,Béja
11933810B84544107883303,سيدي علي بن عون,610.939,2996,803.052,163.736,1.31446,0.268041,0.173187,0.381804,19.6638,144.356,0.236285,0.815124,0.00133422,30180.3,30180.3,17188,12992.4,0.569509,49.3999,0.0266085,0.413138,0.76155,2.57264,0.00172436,0.00259231,0.665184,Sidi Bouzid
11933810B88650874660140,سجنان,618.207,3123,529.192,104.789,0.856012,0.16945,0.10932,0.196556,12.3972,36.0445,0.058305,0.396344,0.000641119,39310.2,39309.2,9714.14,29595.1,0.247121,63.5874,0.013462,0.428776,0.796791,2.95594,0.00113631,0.0033765,0.336536,Bizerte
11933810B70866189338214,رادس,19.692,99,3122.85,621.131,158.585,31.544,31.3294,49.3789,76.6034,19.692,1,18.1006,0.91919,62317.9,62317.9,62317.9,0,1,3164.64,0.0501116,0.258417,0.221093,0.469911,0.00670557,0.00535273,1.25274,Ben Arous
11933810B57309520880620,حمام الغزاز,93.8907,473,650.082,129.067,6.92382,1.37438,0.537656,2.79526,21.8702,80.3912,0.856221,2.38296,0.0253801,21258.7,21258.7,20445.2,813.456,0.961735,226.419,0.0305796,0.638557,0.599428,1.90027,0.00139589,0.00182599,0.764459,Nabeul
11933810B56579355102022,تاكلسة,277.349,1395,672.412,133.711,2.42443,0.482016,0.263507,0.691283,28.9415,151.734,0.547089,0.795926,0.00286977,24792,24792,19175,5617.05,0.773433,89.3893,0.0271221,0.496138,0.715282,2.48075,0.00144384,0.00212948,0.678025,Nabeul
11933810B71477976393658,منزل الحبيب,948.919,4618,671.339,137.94,0.707478,0.145374,0.124638,0.159365,4.83825,22.1884,0.0233828,0,0,10011.3,9863.61,1176.76,8686.86,0.119303,10.5502,0.0670585,0.219818,0.626711,1.31824,0.00144154,0.000859906,1.67639,Gabès
11933810B10318624738248,الحامة,2631.77,12765,2843.15,586.244,1.08032,0.22273,0.125695,0.191862,33.8023,157.113,0.0596986,7.21776,0.00274255,81013.5,80455.3,43806.2,36649.1,0.544479,30.7829,0.0350948,0.480686,0.76272,4.71488,0.00610498,0.00695856,0.877334,Gabès
11933810B21643194978673,مطماطة,1239.47,5982,1596.94,330.714,1.28841,0.266958,0.13002,0.204716,119.636,83.2168,0.0671392,2.69088,0.002171,3990.87,2477.89,1410.88,1067.01,0.569387,3.21982,0.400149,0.546846,0.833705,9.46181,0.00342905,0.000342791,10.0033,Gabès
11933810B54928628318578,منزل بوزلفة,133.8,672,780.835,155.487,5.83583,1.16196,0.467338,1.42433,33.4169,121.657,0.90924,2.98717,0.0223256,38775,38775,38013,762.087,0.980346,289.798,0.0201376,0.636655,0.632994,2.76317,0.00167666,0.00333054,0.503419,Nabeul
11933810B10041539297974,نصر الله,681.797,3365,1101.31,223.085,1.6153,0.327283,0.197908,0.340397,18.1417,162.266,0.237997,2.22749,0.00326709,32159.4,32158.8,15050.6,17108.2,0.468009,47.1686,0.0342452,0.450988,0.765083,2.91422,0.00236479,0.0027623,0.856096,Kairouan
11933810B17792419290785,قليبية,125.54,632,1434.78,285.098,11.4289,2.27022,0.345964,5.89364,41.1452,102.305,0.814921,9.33945,0.0743941,58820.4,58820.4,57157.9,1662.48,0.971736,468.538,0.0243926,0.781371,0.511963,2.51281,0.00308085,0.00505231,0.60979,Nabeul
11933810B54717657919008,كسرى,432.479,2147,515.356,103.805,1.19163,0.240036,0.14322,0.244524,12.0029,41.8987,0.0968803,0.604192,0.00139704,15962.6,15962.6,6037.54,9925.01,0.378231,36.9095,0.0322853,0.453346,0.750571,2.82404,0.0011066,0.00137109,0.807101,Siliana
11933810B45961681846987,منزل تميم,262.056,1318,1565.12,311.287,5.97247,1.1875,0.302488,1.72272,43.5406,167.628,0.639666,7.1613,0.0273274,69342.6,69341.4,63110.6,6230.85,0.910142,264.61,0.0225709,0.725664,0.631891,2.99448,0.00336072,0.00595611,0.564248,Nabeul
